file	format	type	num_seqs	sum_len	min_len	avg_len	max_len
myco.03.01.a.R1.fq.gz	FASTQ	DNA	976	269846	274	276.5	278
myco.03.01.a.R2.fq.gz	FASTQ	DNA	976	224480	230	230.0	230
myco.03.01.b.R1.fq.gz	FASTQ	DNA	10215	2824042	55	276.5	278
myco.03.01.b.R2.fq.gz	FASTQ	DNA	10215	2349118	77	230.0	230
myco.03.01.d.R2.fq.gz	FASTQ	DNA	4154	955116	77	229.9	230
myco.03.01.e.R1.fq.gz	FASTQ	DNA	11314	3127827	31	276.5	278
myco.03.01.e.R2.fq.gz	FASTQ	DNA	11314	2601762	77	230.0	230
myco.03.01.f.R1.fq.gz	FASTQ	DNA	16359	4523022	55	276.5	278
myco.03.01.g.R1.fq.gz	FASTQ	DNA	9584	2650006	171	276.5	278
myco.03.01.g.R2.fq.gz	FASTQ	DNA	9584	2204014	77	230.0	230
myco.03.01.h.R1.fq.gz	FASTQ	DNA	2516	695863	274	276.6	278
myco.03.01.f.R2.fq.gz	FASTQ	DNA	16359	3761812	77	230.0	230
myco.03.01.h.R2.fq.gz	FASTQ	DNA	2516	578680	230	230.0	230
myco.03.02.b.R1.fq.gz	FASTQ	DNA	1291	356630	55	276.2	278
myco.03.02.b.R2.fq.gz	FASTQ	DNA	1291	296627	78	229.8	230
myco.03.02.c.R2.fq.gz	FASTQ	DNA	2586	594321	76	229.8	230
myco.03.02.a.R1.fq.gz	FASTQ	DNA	10851	2999659	32	276.4	278
myco.03.02.a.R2.fq.gz	FASTQ	DNA	10851	2495248	76	230.0	230
myco.03.02.e.R1.fq.gz	FASTQ	DNA	3835	1060151	56	276.4	278
myco.03.02.d.R2.fq.gz	FASTQ	DNA	7088	1629939	79	230.0	230
myco.03.02.d.R1.fq.gz	FASTQ	DNA	7088	1959879	57	276.5	278
myco.03.02.f.R1.fq.gz	FASTQ	DNA	2547	703957	56	276.4	278
myco.03.02.f.R2.fq.gz	FASTQ	DNA	2547	585658	78	229.9	230
myco.03.02.e.R2.fq.gz	FASTQ	DNA	3835	881899	79	230.0	230
myco.03.02.g.R1.fq.gz	FASTQ	DNA	2877	795428	156	276.5	278
myco.03.02.g.R2.fq.gz	FASTQ	DNA	2877	661558	78	229.9	230
myco.03.03.a.R1.fq.gz	FASTQ	DNA	3273	904462	55	276.3	278
myco.03.03.a.R2.fq.gz	FASTQ	DNA	3273	752338	78	229.9	230
myco.03.03.b.R1.fq.gz	FASTQ	DNA	1454	402113	274	276.6	278
myco.03.03.b.R2.fq.gz	FASTQ	DNA	1454	334420	230	230.0	230
myco.03.02.h.R1.fq.gz	FASTQ	DNA	23711	6555862	29	276.5	278
myco.03.02.h.R2.fq.gz	FASTQ	DNA	23711	5452620	76	230.0	230
myco.03.03.e.R1.fq.gz	FASTQ	DNA	9505	2627895	54	276.5	278
myco.03.03.e.R2.fq.gz	FASTQ	DNA	9505	2185845	77	230.0	230
myco.03.03.d.R1.fq.gz	FASTQ	DNA	14843	4103192	30	276.4	278
myco.03.03.d.R2.fq.gz	FASTQ	DNA	14843	3413434	76	230.0	230
myco.03.03.f.R1.fq.gz	FASTQ	DNA	12163	3363183	55	276.5	278
myco.03.03.f.R2.fq.gz	FASTQ	DNA	12163	2797187	77	230.0	230
myco.03.03.g.R1.fq.gz	FASTQ	DNA	18129	5012479	54	276.5	278
myco.03.03.g.R2.fq.gz	FASTQ	DNA	18129	4169369	79	230.0	230
myco.03.04.a.R1.fq.gz	FASTQ	DNA	8184	2262658	31	276.5	278
myco.03.04.a.R2.fq.gz	FASTQ	DNA	8184	1882014	76	230.0	230
myco.03.03.h.R1.fq.gz	FASTQ	DNA	24337	6727922	31	276.4	278
myco.03.03.h.R2.fq.gz	FASTQ	DNA	24337	5596754	77	230.0	230
myco.03.04.c.R1.fq.gz	FASTQ	DNA	4146	1146171	54	276.5	278
myco.03.04.b.R1.fq.gz	FASTQ	DNA	11509	3182050	58	276.5	278
myco.03.04.c.R2.fq.gz	FASTQ	DNA	4146	953277	77	229.9	230
myco.03.04.b.R2.fq.gz	FASTQ	DNA	11509	2646889	80	230.0	230
myco.03.04.d.R1.fq.gz	FASTQ	DNA	9069	2507040	54	276.4	278
myco.03.04.d.R2.fq.gz	FASTQ	DNA	9069	2085414	77	229.9	230
myco.03.04.e.R1.fq.gz	FASTQ	DNA	17240	4765884	54	276.4	278
myco.03.04.e.R2.fq.gz	FASTQ	DNA	17240	3964596	78	230.0	230
myco.03.04.g.R1.fq.gz	FASTQ	DNA	11278	3118806	59	276.5	278
myco.03.04.f.R1.fq.gz	FASTQ	DNA	25792	7131967	139	276.5	278
myco.03.04.f.R2.fq.gz	FASTQ	DNA	25792	5931856	77	230.0	230
myco.03.04.g.R2.fq.gz	FASTQ	DNA	11278	2593636	76	230.0	230
myco.03.05.a.R1.fq.gz	FASTQ	DNA	12141	3356827	57	276.5	278
myco.03.05.a.R2.fq.gz	FASTQ	DNA	12141	2792125	77	230.0	230
myco.03.04.h.R1.fq.gz	FASTQ	DNA	19637	5429317	56	276.5	278
myco.03.05.b.R1.fq.gz	FASTQ	DNA	2361	652503	32	276.4	278
myco.03.05.b.R2.fq.gz	FASTQ	DNA	2361	543030	230	230.0	230
myco.03.04.h.R2.fq.gz	FASTQ	DNA	19637	4515603	78	230.0	230
myco.03.05.d.R1.fq.gz	FASTQ	DNA	6071	1678442	57	276.5	278
myco.03.05.c.R1.fq.gz	FASTQ	DNA	10713	2961958	129	276.5	278
myco.03.05.c.R2.fq.gz	FASTQ	DNA	10713	2463990	230	230.0	230
myco.03.05.d.R2.fq.gz	FASTQ	DNA	6071	1396148	79	230.0	230
myco.03.05.e.R1.fq.gz	FASTQ	DNA	19013	5257701	58	276.5	278
myco.03.05.e.R2.fq.gz	FASTQ	DNA	19013	4372840	80	230.0	230
myco.03.05.f.R1.fq.gz	FASTQ	DNA	23637	6534799	55	276.5	278
myco.03.05.f.R2.fq.gz	FASTQ	DNA	23637	5435752	77	230.0	230
myco.03.05.g.R1.fq.gz	FASTQ	DNA	17186	4751478	55	276.5	278
myco.03.05.h.R1.fq.gz	FASTQ	DNA	10806	2987927	54	276.5	278
myco.03.05.g.R2.fq.gz	FASTQ	DNA	17186	3952474	76	230.0	230
myco.03.05.h.R2.fq.gz	FASTQ	DNA	10806	2485229	79	230.0	230
myco.03.06.a.R1.fq.gz	FASTQ	DNA	19681	5440873	42	276.5	278
myco.03.06.b.R1.fq.gz	FASTQ	DNA	11635	3217069	41	276.5	278
myco.03.06.b.R2.fq.gz	FASTQ	DNA	11635	2675442	77	229.9	230
myco.03.06.c.R2.fq.gz	FASTQ	DNA	6351	1460425	77	230.0	230
myco.03.06.a.R2.fq.gz	FASTQ	DNA	19681	4525569	77	229.9	230
myco.03.06.c.R1.fq.gz	FASTQ	DNA	6351	1755829	55	276.5	278
myco.03.06.d.R1.fq.gz	FASTQ	DNA	8143	2251620	171	276.5	278
myco.03.06.d.R2.fq.gz	FASTQ	DNA	8143	1872890	230	230.0	230
myco.03.06.e.R1.fq.gz	FASTQ	DNA	18480	5109097	54	276.5	278
myco.03.06.e.R2.fq.gz	FASTQ	DNA	18480	4249644	77	230.0	230
myco.03.06.g.R1.fq.gz	FASTQ	DNA	5625	1555119	54	276.5	278
myco.03.06.g.R2.fq.gz	FASTQ	DNA	5625	1293294	77	229.9	230
myco.03.06.f.R1.fq.gz	FASTQ	DNA	28122	7775266	54	276.5	278
myco.03.06.f.R2.fq.gz	FASTQ	DNA	28122	6466845	76	230.0	230
myco.03.06.h.R1.fq.gz	FASTQ	DNA	23570	6515781	32	276.4	278
myco.03.06.h.R2.fq.gz	FASTQ	DNA	23570	5420314	76	230.0	230
myco.03.07.a.R1.fq.gz	FASTQ	DNA	15593	4310867	30	276.5	278
myco.03.07.b.R1.fq.gz	FASTQ	DNA	7888	2180563	31	276.4	278
myco.03.07.a.R2.fq.gz	FASTQ	DNA	15593	3585936	78	230.0	230
myco.03.07.b.R2.fq.gz	FASTQ	DNA	7888	1813783	77	229.9	230
myco.03.07.c.R1.fq.gz	FASTQ	DNA	9289	2568061	56	276.5	278
myco.03.07.e.R1.fq.gz	FASTQ	DNA	15	4151	275	276.7	278
myco.03.07.e.R2.fq.gz	FASTQ	DNA	15	3450	230	230.0	230
myco.03.07.c.R2.fq.gz	FASTQ	DNA	9289	2136136	78	230.0	230
myco.03.07.d.R1.fq.gz	FASTQ	DNA	19766	5464572	29	276.5	278
myco.03.07.g.R1.fq.gz	FASTQ	DNA	4080	1127574	55	276.4	278
myco.03.07.d.R2.fq.gz	FASTQ	DNA	19766	4545393	76	230.0	230
myco.03.07.f.R2.fq.gz	FASTQ	DNA	18608	4278866	76	229.9	230
myco.03.07.f.R1.fq.gz	FASTQ	DNA	18608	5143628	54	276.4	278
myco.03.07.g.R2.fq.gz	FASTQ	DNA	4080	938250	80	230.0	230
myco.03.07.h.R1.fq.gz	FASTQ	DNA	11733	3244184	159	276.5	278
myco.03.07.h.R2.fq.gz	FASTQ	DNA	11733	2698285	77	230.0	230
myco.03.08.a.R1.fq.gz	FASTQ	DNA	16060	4440125	56	276.5	278
myco.03.08.a.R2.fq.gz	FASTQ	DNA	16060	3693344	77	230.0	230
myco.03.08.b.R1.fq.gz	FASTQ	DNA	9795	2708083	55	276.5	278
myco.03.08.b.R2.fq.gz	FASTQ	DNA	9795	2252698	78	230.0	230
myco.03.08.c.R1.fq.gz	FASTQ	DNA	12347	3413864	56	276.5	278
myco.03.08.d.R1.fq.gz	FASTQ	DNA	9793	2707738	56	276.5	278
myco.03.08.c.R2.fq.gz	FASTQ	DNA	12347	2839660	80	230.0	230
myco.03.08.d.R2.fq.gz	FASTQ	DNA	9793	2252088	78	230.0	230
myco.03.08.e.R2.fq.gz	FASTQ	DNA	11747	2701478	79	230.0	230
myco.03.08.e.R1.fq.gz	FASTQ	DNA	11747	3247869	56	276.5	278
myco.03.08.g.R1.fq.gz	FASTQ	DNA	7153	1977657	54	276.5	278
myco.03.08.g.R2.fq.gz	FASTQ	DNA	7153	1645007	76	230.0	230
myco.03.08.f.R2.fq.gz	FASTQ	DNA	22380	5146764	77	230.0	230
myco.03.08.f.R1.fq.gz	FASTQ	DNA	22380	6187934	41	276.5	278
myco.03.08.h.R1.fq.gz	FASTQ	DNA	7581	2095254	54	276.4	278
myco.03.08.h.R2.fq.gz	FASTQ	DNA	7581	1743020	76	229.9	230
myco.03.09.b.R1.fq.gz	FASTQ	DNA	16848	4658592	55	276.5	278
myco.03.09.a.R1.fq.gz	FASTQ	DNA	19444	5375581	54	276.5	278
myco.03.09.b.R2.fq.gz	FASTQ	DNA	16848	3874858	77	230.0	230
myco.03.09.a.R2.fq.gz	FASTQ	DNA	19444	4471331	77	230.0	230
myco.03.09.c.R1.fq.gz	FASTQ	DNA	12268	3392127	57	276.5	278
myco.03.09.c.R2.fq.gz	FASTQ	DNA	12268	2821334	76	230.0	230
myco.03.09.d.R2.fq.gz	FASTQ	DNA	16263	3740158	77	230.0	230
myco.03.09.d.R1.fq.gz	FASTQ	DNA	16263	4496232	54	276.5	278
myco.03.09.e.R2.fq.gz	FASTQ	DNA	11723	2695837	77	230.0	230
myco.03.09.e.R1.fq.gz	FASTQ	DNA	11723	3241131	56	276.5	278
myco.03.09.f.R1.fq.gz	FASTQ	DNA	13119	3627173	42	276.5	278
myco.03.09.g.R2.fq.gz	FASTQ	DNA	7670	1764100	230	230.0	230
myco.03.09.g.R1.fq.gz	FASTQ	DNA	7670	2120448	129	276.5	278
myco.03.09.f.R2.fq.gz	FASTQ	DNA	13119	3017069	79	230.0	230
myco.03.10.a.R1.fq.gz	FASTQ	DNA	7634	2110455	32	276.5	278
myco.03.10.a.R2.fq.gz	FASTQ	DNA	7634	1755668	78	230.0	230
myco.03.09.h.R1.fq.gz	FASTQ	DNA	13360	3693598	54	276.5	278
myco.03.09.h.R2.fq.gz	FASTQ	DNA	13360	3072465	77	230.0	230
myco.03.10.c.R1.fq.gz	FASTQ	DNA	6504	1798543	274	276.5	278
myco.03.10.c.R2.fq.gz	FASTQ	DNA	6504	1495920	230	230.0	230
myco.03.10.d.R1.fq.gz	FASTQ	DNA	12302	3401253	54	276.5	278
myco.03.10.d.R2.fq.gz	FASTQ	DNA	12302	2829401	199	230.0	230
myco.03.10.b.R1.fq.gz	FASTQ	DNA	36301	10034901	55	276.4	278
myco.03.10.e.R1.fq.gz	FASTQ	DNA	9549	2640067	32	276.5	278
myco.03.10.e.R2.fq.gz	FASTQ	DNA	9549	2196118	78	230.0	230
myco.03.10.b.R2.fq.gz	FASTQ	DNA	36301	8347402	76	229.9	230
myco.03.10.f.R1.fq.gz	FASTQ	DNA	7112	1965784	32	276.4	278
myco.03.10.f.R2.fq.gz	FASTQ	DNA	7112	1635581	79	230.0	230
myco.03.10.g.R2.fq.gz	FASTQ	DNA	6265	1440950	230	230.0	230
myco.03.10.g.R1.fq.gz	FASTQ	DNA	6265	1732393	170	276.5	278
myco.03.11.a.R1.fq.gz	FASTQ	DNA	7662	2118125	56	276.4	278
myco.03.11.a.R2.fq.gz	FASTQ	DNA	7662	1761957	77	230.0	230
myco.03.10.h.R1.fq.gz	FASTQ	DNA	23498	6496007	56	276.4	278
myco.03.11.b.R1.fq.gz	FASTQ	DNA	16079	4445417	29	276.5	278
myco.03.10.h.R2.fq.gz	FASTQ	DNA	23498	5403450	77	230.0	230
myco.03.11.b.R2.fq.gz	FASTQ	DNA	16079	3697716	77	230.0	230
myco.03.11.d.R1.fq.gz	FASTQ	DNA	12525	3462573	43	276.5	278
myco.03.11.c.R1.fq.gz	FASTQ	DNA	16884	4668432	60	276.5	278
myco.03.11.c.R2.fq.gz	FASTQ	DNA	16884	3883170	80	230.0	230
myco.03.11.d.R2.fq.gz	FASTQ	DNA	12525	2880240	79	230.0	230
myco.03.11.e.R2.fq.gz	FASTQ	DNA	13249	3046635	78	230.0	230
myco.03.11.e.R1.fq.gz	FASTQ	DNA	13249	3662723	54	276.5	278
myco.03.11.g.R1.fq.gz	FASTQ	DNA	8097	2237755	43	276.4	278
myco.03.11.f.R2.fq.gz	FASTQ	DNA	21007	4830215	76	229.9	230
myco.03.11.g.R2.fq.gz	FASTQ	DNA	8097	1862007	78	230.0	230
myco.03.11.f.R1.fq.gz	FASTQ	DNA	21007	5806921	54	276.4	278
myco.03.12.a.R1.fq.gz	FASTQ	DNA	2081	575136	56	276.4	278
myco.03.12.a.R2.fq.gz	FASTQ	DNA	2081	478478	78	229.9	230
myco.03.11.h.R2.fq.gz	FASTQ	DNA	14196	3264777	78	230.0	230
myco.03.11.h.R1.fq.gz	FASTQ	DNA	14196	3925188	170	276.5	278
myco.03.12.b.R1.fq.gz	FASTQ	DNA	13051	3609019	141	276.5	278
myco.03.12.d.R1.fq.gz	FASTQ	DNA	5	1386	275	277.2	278
myco.03.12.b.R2.fq.gz	FASTQ	DNA	13051	3001550	78	230.0	230
myco.03.12.d.R2.fq.gz	FASTQ	DNA	5	1150	230	230.0	230
myco.03.12.c.R1.fq.gz	FASTQ	DNA	17124	4734035	54	276.5	278
myco.03.12.c.R2.fq.gz	FASTQ	DNA	17124	3937766	77	230.0	230
myco.03.12.e.R2.fq.gz	FASTQ	DNA	18528	4260221	76	229.9	230
myco.03.12.e.R1.fq.gz	FASTQ	DNA	18528	5121517	42	276.4	278
myco.03.12.f.R2.fq.gz	FASTQ	DNA	9198	2114903	77	229.9	230
myco.03.12.f.R1.fq.gz	FASTQ	DNA	9198	2542515	54	276.4	278
myco.03.12.g.R2.fq.gz	FASTQ	DNA	10962	2520626	78	229.9	230
myco.03.12.g.R1.fq.gz	FASTQ	DNA	10962	3029250	54	276.3	278
myco.04.01.a.R1.fq.gz	FASTQ	DNA	4402	1216942	56	276.5	278
myco.04.01.a.R2.fq.gz	FASTQ	DNA	4402	1012157	77	229.9	230
myco.04.01.b.R1.fq.gz	FASTQ	DNA	21804	6028554	54	276.5	278
myco.04.01.b.R2.fq.gz	FASTQ	DNA	21804	5014318	79	230.0	230
myco.03.12.h.R2.fq.gz	FASTQ	DNA	35380	8136734	78	230.0	230
myco.04.01.c.R1.fq.gz	FASTQ	DNA	9852	2723568	31	276.4	278
myco.03.12.h.R1.fq.gz	FASTQ	DNA	35380	9780301	30	276.4	278
myco.04.01.c.R2.fq.gz	FASTQ	DNA	9852	2265629	78	230.0	230
myco.04.01.e.R1.fq.gz	FASTQ	DNA	9609	2656584	54	276.5	278
myco.04.01.e.R2.fq.gz	FASTQ	DNA	9609	2209919	79	230.0	230
myco.04.01.f.R1.fq.gz	FASTQ	DNA	3945	1090789	172	276.5	278
myco.04.01.d.R1.fq.gz	FASTQ	DNA	20102	5557007	32	276.4	278
myco.04.01.f.R2.fq.gz	FASTQ	DNA	3945	907350	230	230.0	230
myco.04.01.d.R2.fq.gz	FASTQ	DNA	20102	4622395	76	229.9	230
myco.04.01.h.R1.fq.gz	FASTQ	DNA	6	1654	275	275.7	276
myco.04.01.h.R2.fq.gz	FASTQ	DNA	6	1380	230	230.0	230
myco.04.02.a.R1.fq.gz	FASTQ	DNA	8710	2408635	171	276.5	278
myco.04.02.a.R2.fq.gz	FASTQ	DNA	8710	2003147	77	230.0	230
myco.04.01.g.R1.fq.gz	FASTQ	DNA	19723	5452977	29	276.5	278
myco.04.01.g.R2.fq.gz	FASTQ	DNA	19723	4535955	77	230.0	230
myco.04.02.c.R1.fq.gz	FASTQ	DNA	11532	3189060	171	276.5	278
myco.04.02.c.R2.fq.gz	FASTQ	DNA	11532	2652056	78	230.0	230
myco.04.02.d.R1.fq.gz	FASTQ	DNA	8400	2322543	130	276.5	278
myco.04.02.b.R2.fq.gz	FASTQ	DNA	23640	5436716	78	230.0	230
myco.04.02.b.R1.fq.gz	FASTQ	DNA	23640	6536772	56	276.5	278
myco.04.02.d.R2.fq.gz	FASTQ	DNA	8400	1931849	79	230.0	230
myco.04.02.e.R1.fq.gz	FASTQ	DNA	2999	829047	54	276.4	278
myco.04.02.e.R2.fq.gz	FASTQ	DNA	2999	689618	78	229.9	230
myco.04.02.g.R1.fq.gz	FASTQ	DNA	7008	1937299	56	276.4	278
myco.04.02.g.R2.fq.gz	FASTQ	DNA	7008	1611509	79	230.0	230
myco.04.02.f.R1.fq.gz	FASTQ	DNA	12243	3384747	55	276.5	278
myco.04.02.f.R2.fq.gz	FASTQ	DNA	12243	2815437	77	230.0	230
myco.04.02.h.R2.fq.gz	FASTQ	DNA	7744	1780664	77	229.9	230
myco.04.02.h.R1.fq.gz	FASTQ	DNA	7744	2140827	56	276.4	278
myco.04.03.a.R1.fq.gz	FASTQ	DNA	13112	3626121	171	276.5	278
myco.04.03.a.R2.fq.gz	FASTQ	DNA	13112	3015730	200	230.0	230
myco.04.03.c.R1.fq.gz	FASTQ	DNA	13088	3617522	41	276.4	278
myco.04.03.b.R1.fq.gz	FASTQ	DNA	23085	6382791	56	276.5	278
myco.04.03.c.R2.fq.gz	FASTQ	DNA	13088	3009423	77	229.9	230
myco.04.03.d.R1.fq.gz	FASTQ	DNA	9998	2764490	57	276.5	278
myco.04.03.b.R2.fq.gz	FASTQ	DNA	23085	5308946	77	230.0	230
myco.04.03.e.R1.fq.gz	FASTQ	DNA	5700	1575549	54	276.4	278
myco.04.03.e.R2.fq.gz	FASTQ	DNA	5700	1310545	77	229.9	230
myco.04.03.d.R2.fq.gz	FASTQ	DNA	9998	2299237	78	230.0	230
myco.04.03.f.R1.fq.gz	FASTQ	DNA	12638	3493909	54	276.5	278
myco.04.03.f.R2.fq.gz	FASTQ	DNA	12638	2906406	78	230.0	230
myco.04.03.g.R1.fq.gz	FASTQ	DNA	19845	5487068	29	276.5	278
myco.04.03.g.R2.fq.gz	FASTQ	DNA	19845	4564198	78	230.0	230
myco.04.03.h.R1.fq.gz	FASTQ	DNA	20582	5690546	54	276.5	278
myco.04.03.h.R2.fq.gz	FASTQ	DNA	20582	4733379	79	230.0	230
myco.04.04.a.R1.fq.gz	FASTQ	DNA	37524	10375094	54	276.5	278
myco.04.04.a.R2.fq.gz	FASTQ	DNA	37524	8629757	76	230.0	230
myco.04.04.c.R1.fq.gz	FASTQ	DNA	7149	1976068	56	276.4	278
myco.04.04.b.R1.fq.gz	FASTQ	DNA	37039	10240183	32	276.5	278
myco.04.04.c.R2.fq.gz	FASTQ	DNA	7149	1643512	77	229.9	230
myco.04.04.b.R2.fq.gz	FASTQ	DNA	37039	8517301	76	230.0	230
myco.04.04.d.R1.fq.gz	FASTQ	DNA	15531	4293471	32	276.4	278
myco.04.04.e.R1.fq.gz	FASTQ	DNA	12499	3456358	170	276.5	278
myco.04.04.d.R2.fq.gz	FASTQ	DNA	15531	3571214	76	229.9	230
myco.04.04.e.R2.fq.gz	FASTQ	DNA	12499	2874770	230	230.0	230
myco.04.04.f.R1.fq.gz	FASTQ	DNA	8958	2476960	170	276.5	278
myco.04.04.g.R1.fq.gz	FASTQ	DNA	4484	1239636	57	276.5	278
myco.04.04.g.R2.fq.gz	FASTQ	DNA	4484	1031018	78	229.9	230
myco.04.04.f.R2.fq.gz	FASTQ	DNA	8958	2060340	230	230.0	230
myco.04.04.h.R1.fq.gz	FASTQ	DNA	6435	1779061	55	276.5	278
myco.04.04.h.R2.fq.gz	FASTQ	DNA	6435	1479898	78	230.0	230
myco.04.05.a.R1.fq.gz	FASTQ	DNA	6356	1757048	54	276.4	278
myco.04.05.a.R2.fq.gz	FASTQ	DNA	6356	1461700	79	230.0	230
myco.04.05.b.R2.fq.gz	FASTQ	DNA	11075	2547098	78	230.0	230
myco.04.05.d.R1.fq.gz	FASTQ	DNA	2627	726236	55	276.5	278
myco.04.05.b.R1.fq.gz	FASTQ	DNA	11075	3062461	55	276.5	278
myco.04.05.e.R1.fq.gz	FASTQ	DNA	2047	565892	128	276.4	278
myco.04.05.d.R2.fq.gz	FASTQ	DNA	2627	604029	80	229.9	230
myco.04.05.e.R2.fq.gz	FASTQ	DNA	2047	470810	230	230.0	230
myco.04.05.c.R1.fq.gz	FASTQ	DNA	20065	5547554	54	276.5	278
myco.04.05.c.R2.fq.gz	FASTQ	DNA	20065	4614340	76	230.0	230
myco.04.05.f.R1.fq.gz	FASTQ	DNA	7928	2191641	29	276.4	278
myco.04.05.f.R2.fq.gz	FASTQ	DNA	7928	1823136	77	230.0	230
myco.04.05.g.R1.fq.gz	FASTQ	DNA	9025	2495735	274	276.5	278
myco.04.05.g.R2.fq.gz	FASTQ	DNA	9025	2075750	230	230.0	230
myco.04.05.h.R1.fq.gz	FASTQ	DNA	7982	2207146	170	276.5	278
myco.04.05.h.R2.fq.gz	FASTQ	DNA	7982	1835560	80	230.0	230
myco.04.06.a.R1.fq.gz	FASTQ	DNA	10026	2772161	31	276.5	278
myco.04.06.a.R2.fq.gz	FASTQ	DNA	10026	2305643	77	230.0	230
myco.04.06.b.R1.fq.gz	FASTQ	DNA	16086	4447784	30	276.5	278
myco.04.06.b.R2.fq.gz	FASTQ	DNA	16086	3699478	78	230.0	230
myco.04.06.c.R1.fq.gz	FASTQ	DNA	15619	4318711	57	276.5	278
myco.04.06.c.R2.fq.gz	FASTQ	DNA	15619	3591917	78	230.0	230
myco.04.06.d.R1.fq.gz	FASTQ	DNA	12519	3460487	54	276.4	278
myco.04.06.f.R1.fq.gz	FASTQ	DNA	1660	459083	275	276.6	278
myco.04.06.d.R2.fq.gz	FASTQ	DNA	12519	2878160	77	229.9	230
myco.04.06.f.R2.fq.gz	FASTQ	DNA	1660	381800	230	230.0	230
myco.04.06.e.R1.fq.gz	FASTQ	DNA	14485	4005351	139	276.5	278
myco.04.06.e.R2.fq.gz	FASTQ	DNA	14485	3331099	79	230.0	230
myco.04.06.g.R1.fq.gz	FASTQ	DNA	6847	1893354	144	276.5	278
myco.04.06.g.R2.fq.gz	FASTQ	DNA	6847	1574810	230	230.0	230
myco.04.06.h.R1.fq.gz	FASTQ	DNA	13586	3756924	170	276.5	278
myco.04.06.h.R2.fq.gz	FASTQ	DNA	13586	3124780	230	230.0	230
myco.04.07.a.R1.fq.gz	FASTQ	DNA	17659	4882684	57	276.5	278
myco.04.07.a.R2.fq.gz	FASTQ	DNA	17659	4060931	76	230.0	230
myco.04.07.b.R1.fq.gz	FASTQ	DNA	15073	4167613	54	276.5	278
myco.04.07.b.R2.fq.gz	FASTQ	DNA	15073	3466333	77	230.0	230
myco.04.07.c.R1.fq.gz	FASTQ	DNA	15894	4394871	54	276.5	278
myco.04.07.e.R1.fq.gz	FASTQ	DNA	6991	1933332	170	276.5	278
myco.04.07.d.R1.fq.gz	FASTQ	DNA	12165	3363884	56	276.5	278
myco.04.07.c.R2.fq.gz	FASTQ	DNA	15894	3655014	77	230.0	230
myco.04.07.d.R2.fq.gz	FASTQ	DNA	12165	2797647	78	230.0	230
myco.04.07.e.R2.fq.gz	FASTQ	DNA	6991	1607930	230	230.0	230
myco.04.07.g.R1.fq.gz	FASTQ	DNA	13510	3735477	29	276.5	278
myco.04.07.f.R1.fq.gz	FASTQ	DNA	22006	6084259	54	276.5	278
myco.04.07.g.R2.fq.gz	FASTQ	DNA	13510	3106815	78	230.0	230
myco.04.07.f.R2.fq.gz	FASTQ	DNA	22006	5060442	77	230.0	230
myco.04.07.h.R1.fq.gz	FASTQ	DNA	10019	2770276	57	276.5	278
myco.04.07.h.R2.fq.gz	FASTQ	DNA	10019	2304218	78	230.0	230
myco.04.08.a.R1.fq.gz	FASTQ	DNA	13184	3645267	29	276.5	278
myco.04.08.a.R2.fq.gz	FASTQ	DNA	13184	3032017	78	230.0	230
myco.04.08.b.R1.fq.gz	FASTQ	DNA	14462	3998375	55	276.5	278
myco.04.08.c.R1.fq.gz	FASTQ	DNA	11688	3231997	54	276.5	278
myco.04.08.b.R2.fq.gz	FASTQ	DNA	14462	3326049	78	230.0	230
myco.04.08.c.R2.fq.gz	FASTQ	DNA	11688	2688090	80	230.0	230
myco.04.08.d.R1.fq.gz	FASTQ	DNA	14219	3931308	30	276.5	278
myco.04.08.d.R2.fq.gz	FASTQ	DNA	14219	3270008	79	230.0	230
myco.04.08.e.R1.fq.gz	FASTQ	DNA	14615	4040696	30	276.5	278
myco.04.08.e.R2.fq.gz	FASTQ	DNA	14615	3361146	78	230.0	230
myco.04.08.f.R1.fq.gz	FASTQ	DNA	18372	5080005	54	276.5	278
myco.04.08.g.R1.fq.gz	FASTQ	DNA	13627	3767643	54	276.5	278
myco.04.08.g.R2.fq.gz	FASTQ	DNA	13627	3133605	77	230.0	230
myco.04.08.f.R2.fq.gz	FASTQ	DNA	18372	4225107	77	230.0	230
myco.04.08.h.R1.fq.gz	FASTQ	DNA	9914	2740991	54	276.5	278
myco.04.08.h.R2.fq.gz	FASTQ	DNA	9914	2279765	77	230.0	230
myco.04.09.a.R1.fq.gz	FASTQ	DNA	9954	2751718	31	276.4	278
myco.04.09.a.R2.fq.gz	FASTQ	DNA	9954	2289119	79	230.0	230
myco.04.09.b.R1.fq.gz	FASTQ	DNA	16911	4675295	56	276.5	278
myco.04.09.d.R1.fq.gz	FASTQ	DNA	403	111449	275	276.5	278
myco.04.09.b.R2.fq.gz	FASTQ	DNA	16911	3888557	76	229.9	230
myco.04.09.d.R2.fq.gz	FASTQ	DNA	403	92690	230	230.0	230
myco.04.09.c.R1.fq.gz	FASTQ	DNA	23783	6575841	31	276.5	278
myco.04.09.c.R2.fq.gz	FASTQ	DNA	23783	5469784	77	230.0	230
myco.04.09.e.R1.fq.gz	FASTQ	DNA	15432	4266762	54	276.5	278
myco.04.09.e.R2.fq.gz	FASTQ	DNA	15432	3548905	76	230.0	230
myco.04.09.f.R1.fq.gz	FASTQ	DNA	16436	4544894	57	276.5	278
myco.04.09.f.R2.fq.gz	FASTQ	DNA	16436	3780128	78	230.0	230
myco.04.09.g.R1.fq.gz	FASTQ	DNA	17272	4775311	55	276.5	278
myco.04.09.g.R2.fq.gz	FASTQ	DNA	17272	3971951	77	230.0	230
myco.04.09.h.R1.fq.gz	FASTQ	DNA	15475	4278971	57	276.5	278
myco.04.10.a.R1.fq.gz	FASTQ	DNA	6869	1899301	54	276.5	278
myco.04.10.a.R2.fq.gz	FASTQ	DNA	6869	1579870	230	230.0	230
myco.04.10.b.R1.fq.gz	FASTQ	DNA	8126	2246950	57	276.5	278
myco.04.09.h.R2.fq.gz	FASTQ	DNA	15475	3559068	77	230.0	230
myco.04.10.b.R2.fq.gz	FASTQ	DNA	8126	1868827	77	230.0	230
myco.04.10.d.R1.fq.gz	FASTQ	DNA	5288	1462060	56	276.5	278
myco.04.10.e.R1.fq.gz	FASTQ	DNA	1440	397808	32	276.3	278
myco.04.10.c.R1.fq.gz	FASTQ	DNA	11776	3256301	54	276.5	278
myco.04.10.e.R2.fq.gz	FASTQ	DNA	1440	331049	79	229.9	230
myco.04.10.c.R2.fq.gz	FASTQ	DNA	11776	2708178	79	230.0	230
myco.04.10.d.R2.fq.gz	FASTQ	DNA	5288	1216088	78	230.0	230
myco.04.10.f.R1.fq.gz	FASTQ	DNA	3699	1022719	56	276.5	278
myco.04.10.f.R2.fq.gz	FASTQ	DNA	3699	850770	230	230.0	230
myco.04.10.g.R1.fq.gz	FASTQ	DNA	12312	3404388	55	276.5	278
myco.04.10.g.R2.fq.gz	FASTQ	DNA	12312	2831154	77	230.0	230
myco.04.10.h.R1.fq.gz	FASTQ	DNA	12229	3381526	54	276.5	278
myco.04.11.a.R1.fq.gz	FASTQ	DNA	6893	1906001	173	276.5	278
myco.04.10.h.R2.fq.gz	FASTQ	DNA	12229	2812364	77	230.0	230
myco.04.11.a.R2.fq.gz	FASTQ	DNA	6893	1585237	77	230.0	230
myco.04.11.b.R1.fq.gz	FASTQ	DNA	10521	2909271	170	276.5	278
myco.04.11.c.R1.fq.gz	FASTQ	DNA	11670	3226353	29	276.5	278
myco.04.11.b.R2.fq.gz	FASTQ	DNA	10521	2419528	78	230.0	230
myco.04.11.d.R1.fq.gz	FASTQ	DNA	7800	2156812	56	276.5	278
myco.04.11.c.R2.fq.gz	FASTQ	DNA	11670	2683795	77	230.0	230
myco.04.11.e.R1.fq.gz	FASTQ	DNA	10437	2886089	173	276.5	278
myco.04.11.d.R2.fq.gz	FASTQ	DNA	7800	1794000	230	230.0	230
myco.04.11.e.R2.fq.gz	FASTQ	DNA	10437	2400358	78	230.0	230
myco.04.11.f.R1.fq.gz	FASTQ	DNA	12414	3432449	57	276.5	278
myco.04.11.g.R1.fq.gz	FASTQ	DNA	9008	2490597	130	276.5	278
myco.04.11.f.R2.fq.gz	FASTQ	DNA	12414	2854888	78	230.0	230
myco.04.12.a.R1.fq.gz	FASTQ	DNA	1	275	275	275.0	275
myco.04.12.a.R2.fq.gz	FASTQ	DNA	1	230	230	230.0	230
myco.04.11.g.R2.fq.gz	FASTQ	DNA	9008	2071809	199	230.0	230
myco.04.11.h.R1.fq.gz	FASTQ	DNA	10204	2820755	54	276.4	278
myco.04.12.b.R1.fq.gz	FASTQ	DNA	4566	1262785	274	276.6	278
myco.04.11.h.R2.fq.gz	FASTQ	DNA	10204	2346467	77	230.0	230
myco.04.12.b.R2.fq.gz	FASTQ	DNA	4566	1050180	230	230.0	230
myco.04.12.c.R1.fq.gz	FASTQ	DNA	8882	2456144	171	276.5	278
myco.04.12.c.R2.fq.gz	FASTQ	DNA	8882	2042707	77	230.0	230
myco.04.12.d.R1.fq.gz	FASTQ	DNA	10352	2862518	56	276.5	278
myco.04.12.e.R1.fq.gz	FASTQ	DNA	5222	1443771	57	276.5	278
myco.04.12.d.R2.fq.gz	FASTQ	DNA	10352	2380806	76	230.0	230
myco.04.12.f.R2.fq.gz	FASTQ	DNA	5537	1273209	79	229.9	230
myco.04.12.f.R1.fq.gz	FASTQ	DNA	5537	1530912	170	276.5	278
myco.04.12.e.R2.fq.gz	FASTQ	DNA	5222	1200908	78	230.0	230
myco.04.12.h.R1.fq.gz	FASTQ	DNA	1083	299464	274	276.5	278
myco.04.12.h.R2.fq.gz	FASTQ	DNA	1083	249090	230	230.0	230
myco.04.12.g.R1.fq.gz	FASTQ	DNA	9180	2537739	55	276.4	278
myco.04.12.g.R2.fq.gz	FASTQ	DNA	9180	2110916	78	229.9	230
myco.05.01.a.R1.fq.gz	FASTQ	DNA	10693	2956636	55	276.5	278
myco.05.01.a.R2.fq.gz	FASTQ	DNA	10693	2459084	77	230.0	230
myco.05.01.b.R1.fq.gz	FASTQ	DNA	25524	7058646	54	276.5	278
myco.05.01.c.R1.fq.gz	FASTQ	DNA	15585	4309016	43	276.5	278
myco.05.01.c.R2.fq.gz	FASTQ	DNA	15585	3583493	78	229.9	230
myco.05.01.b.R2.fq.gz	FASTQ	DNA	25524	5870216	78	230.0	230
myco.05.01.d.R1.fq.gz	FASTQ	DNA	17732	4903364	29	276.5	278
myco.05.01.d.R2.fq.gz	FASTQ	DNA	17732	4077900	76	230.0	230
myco.05.01.e.R1.fq.gz	FASTQ	DNA	21949	6068746	56	276.5	278
myco.05.01.e.R2.fq.gz	FASTQ	DNA	21949	5047818	79	230.0	230
myco.05.01.f.R1.fq.gz	FASTQ	DNA	27752	7673940	29	276.5	278
myco.05.01.h.R1.fq.gz	FASTQ	DNA	4	1106	275	276.5	277
myco.05.01.h.R2.fq.gz	FASTQ	DNA	4	920	230	230.0	230
myco.05.01.g.R1.fq.gz	FASTQ	DNA	20462	5658448	56	276.5	278
myco.05.02.a.R1.fq.gz	FASTQ	DNA	60	16590	275	276.5	278
myco.05.02.a.R2.fq.gz	FASTQ	DNA	60	13800	230	230.0	230
myco.05.01.f.R2.fq.gz	FASTQ	DNA	27752	6382204	77	230.0	230
myco.05.01.g.R2.fq.gz	FASTQ	DNA	20462	4705349	76	230.0	230
myco.05.02.b.R1.fq.gz	FASTQ	DNA	23040	6370879	56	276.5	278
myco.05.02.b.R2.fq.gz	FASTQ	DNA	23040	5298290	77	230.0	230
myco.05.02.c.R1.fq.gz	FASTQ	DNA	24588	6799286	55	276.5	278
myco.05.02.d.R1.fq.gz	FASTQ	DNA	7860	2173187	29	276.5	278
myco.05.02.d.R2.fq.gz	FASTQ	DNA	7860	1807468	77	230.0	230
myco.05.02.c.R2.fq.gz	FASTQ	DNA	24588	5654753	76	230.0	230
myco.05.02.e.R1.fq.gz	FASTQ	DNA	17818	4927791	54	276.6	278
myco.05.02.e.R2.fq.gz	FASTQ	DNA	17818	4097684	77	230.0	230
myco.05.02.f.R1.fq.gz	FASTQ	DNA	26655	7371101	56	276.5	278
myco.05.02.f.R2.fq.gz	FASTQ	DNA	26655	6130316	76	230.0	230
myco.05.02.g.R1.fq.gz	FASTQ	DNA	24573	6793790	54	276.5	278
myco.05.02.h.R1.fq.gz	FASTQ	DNA	16194	4477467	43	276.5	278
myco.05.02.g.R2.fq.gz	FASTQ	DNA	24573	5650546	76	229.9	230
myco.05.02.h.R2.fq.gz	FASTQ	DNA	16194	3723864	77	230.0	230
myco.05.03.b.R1.fq.gz	FASTQ	DNA	28172	7790116	32	276.5	278
myco.05.03.b.R2.fq.gz	FASTQ	DNA	28172	6478954	77	230.0	230
myco.05.03.c.R1.fq.gz	FASTQ	DNA	17546	4851754	55	276.5	278
myco.05.03.c.R2.fq.gz	FASTQ	DNA	17546	4034821	77	230.0	230
myco.05.03.d.R1.fq.gz	FASTQ	DNA	10589	2927842	130	276.5	278
myco.05.03.a.R1.fq.gz	FASTQ	DNA	76184	21065397	29	276.5	278
myco.05.03.d.R2.fq.gz	FASTQ	DNA	10589	2435315	75	230.0	230
myco.05.03.a.R2.fq.gz	FASTQ	DNA	76184	17519986	76	230.0	230
myco.05.03.e.R1.fq.gz	FASTQ	DNA	29361	8118513	42	276.5	278
myco.05.03.f.R1.fq.gz	FASTQ	DNA	27660	7648232	54	276.5	278
myco.05.03.e.R2.fq.gz	FASTQ	DNA	29361	6751816	77	230.0	230
myco.05.03.g.R1.fq.gz	FASTQ	DNA	18307	5061329	55	276.5	278
myco.05.03.g.R2.fq.gz	FASTQ	DNA	18307	4209969	77	230.0	230
myco.05.03.f.R2.fq.gz	FASTQ	DNA	27660	6361166	77	230.0	230
myco.05.03.h.R1.fq.gz	FASTQ	DNA	17195	4754250	31	276.5	278
myco.05.03.h.R2.fq.gz	FASTQ	DNA	17195	3954518	77	230.0	230
myco.05.04.b.R1.fq.gz	FASTQ	DNA	7308	2018651	29	276.2	278
myco.05.04.b.R2.fq.gz	FASTQ	DNA	7308	1679017	76	229.8	230
myco.05.04.c.R1.fq.gz	FASTQ	DNA	24118	6668955	54	276.5	278
myco.05.04.a.R1.fq.gz	FASTQ	DNA	39953	11048046	54	276.5	278
myco.05.04.a.R2.fq.gz	FASTQ	DNA	39953	9188246	77	230.0	230
myco.05.04.c.R2.fq.gz	FASTQ	DNA	24118	5546986	76	230.0	230
myco.05.04.d.R1.fq.gz	FASTQ	DNA	10914	3017659	159	276.5	278
myco.05.04.d.R2.fq.gz	FASTQ	DNA	10914	2509764	78	230.0	230
myco.05.04.f.R1.fq.gz	FASTQ	DNA	27804	7688235	54	276.5	278
myco.05.04.e.R1.fq.gz	FASTQ	DNA	35268	9753069	56	276.5	278
myco.05.04.f.R2.fq.gz	FASTQ	DNA	27804	6394284	77	230.0	230
myco.05.04.e.R2.fq.gz	FASTQ	DNA	35268	8111005	77	230.0	230
myco.05.04.g.R1.fq.gz	FASTQ	DNA	16867	4663307	55	276.5	278
myco.05.04.g.R2.fq.gz	FASTQ	DNA	16867	3878501	78	229.9	230
myco.05.04.h.R1.fq.gz	FASTQ	DNA	19319	5341793	55	276.5	278
myco.05.04.h.R2.fq.gz	FASTQ	DNA	19319	4442583	77	230.0	230
myco.05.05.a.R1.fq.gz	FASTQ	DNA	23769	6572639	30	276.5	278
myco.05.05.a.R2.fq.gz	FASTQ	DNA	23769	5466410	76	230.0	230
myco.05.05.b.R1.fq.gz	FASTQ	DNA	23225	6422289	54	276.5	278
myco.05.05.b.R2.fq.gz	FASTQ	DNA	23225	5341446	78	230.0	230
myco.05.05.c.R1.fq.gz	FASTQ	DNA	17588	4863010	56	276.5	278
myco.05.05.d.R1.fq.gz	FASTQ	DNA	15635	4322929	56	276.5	278
myco.05.05.d.R2.fq.gz	FASTQ	DNA	15635	3595504	77	230.0	230
myco.05.05.c.R2.fq.gz	FASTQ	DNA	17588	4044784	78	230.0	230
myco.05.05.e.R1.fq.gz	FASTQ	DNA	35762	9887890	44	276.5	278
myco.05.05.f.R1.fq.gz	FASTQ	DNA	24158	6679685	54	276.5	278
myco.05.05.f.R2.fq.gz	FASTQ	DNA	24158	5555583	76	230.0	230
myco.05.05.e.R2.fq.gz	FASTQ	DNA	35762	8223358	76	229.9	230
myco.05.05.g.R1.fq.gz	FASTQ	DNA	22818	6310202	57	276.5	278
myco.05.05.g.R2.fq.gz	FASTQ	DNA	22818	5247686	77	230.0	230
myco.05.05.h.R1.fq.gz	FASTQ	DNA	28175	7791148	55	276.5	278
myco.05.06.a.R1.fq.gz	FASTQ	DNA	13545	3743759	42	276.4	278
myco.05.05.h.R2.fq.gz	FASTQ	DNA	28175	6479337	76	230.0	230
myco.05.06.a.R2.fq.gz	FASTQ	DNA	13545	3113833	78	229.9	230
myco.05.06.b.R1.fq.gz	FASTQ	DNA	20861	5768759	54	276.5	278
myco.05.06.c.R1.fq.gz	FASTQ	DNA	15797	4367546	29	276.5	278
myco.05.06.c.R2.fq.gz	FASTQ	DNA	15797	3632853	76	230.0	230
myco.05.06.d.R1.fq.gz	FASTQ	DNA	7143	1975103	131	276.5	278
myco.05.06.b.R2.fq.gz	FASTQ	DNA	20861	4797578	79	230.0	230
myco.05.06.d.R2.fq.gz	FASTQ	DNA	7143	1642738	78	230.0	230
myco.05.06.e.R2.fq.gz	FASTQ	DNA	19104	4393741	80	230.0	230
myco.05.06.e.R1.fq.gz	FASTQ	DNA	19104	5282796	55	276.5	278
myco.05.06.f.R1.fq.gz	FASTQ	DNA	36141	9992309	32	276.5	278
myco.05.06.g.R1.fq.gz	FASTQ	DNA	18289	5057757	55	276.5	278
myco.05.06.g.R2.fq.gz	FASTQ	DNA	18289	4206165	76	230.0	230
myco.05.06.f.R2.fq.gz	FASTQ	DNA	36141	8311188	77	230.0	230
myco.05.07.a.R1.fq.gz	FASTQ	DNA	14112	3902802	44	276.6	278
myco.05.07.a.R2.fq.gz	FASTQ	DNA	14112	3245306	77	230.0	230
myco.05.06.h.R1.fq.gz	FASTQ	DNA	32918	9102679	32	276.5	278
myco.05.06.h.R2.fq.gz	FASTQ	DNA	32918	7569767	76	230.0	230
myco.05.07.b.R1.fq.gz	FASTQ	DNA	20456	5655675	55	276.5	278
myco.05.07.b.R2.fq.gz	FASTQ	DNA	20456	4704270	76	230.0	230
myco.05.07.c.R1.fq.gz	FASTQ	DNA	30670	8480893	54	276.5	278
myco.05.07.c.R2.fq.gz	FASTQ	DNA	30670	7053316	77	230.0	230
myco.05.07.d.R2.fq.gz	FASTQ	DNA	20718	4764380	76	230.0	230
myco.05.07.d.R1.fq.gz	FASTQ	DNA	20718	5728887	32	276.5	278
myco.05.07.e.R1.fq.gz	FASTQ	DNA	12384	3424375	30	276.5	278
myco.05.07.e.R2.fq.gz	FASTQ	DNA	12384	2848138	77	230.0	230
myco.05.07.f.R1.fq.gz	FASTQ	DNA	24243	6704683	130	276.6	278
myco.05.07.f.R2.fq.gz	FASTQ	DNA	24243	5575830	200	230.0	230
myco.05.07.g.R1.fq.gz	FASTQ	DNA	23415	6475200	54	276.5	278
myco.05.07.g.R2.fq.gz	FASTQ	DNA	23415	5385144	77	230.0	230
myco.05.07.h.R1.fq.gz	FASTQ	DNA	22031	6092121	31	276.5	278
myco.05.07.h.R2.fq.gz	FASTQ	DNA	22031	5066372	77	230.0	230
myco.05.08.b.R1.fq.gz	FASTQ	DNA	17135	4737989	55	276.5	278
myco.05.08.a.R1.fq.gz	FASTQ	DNA	27993	7739851	30	276.5	278
myco.05.08.a.R2.fq.gz	FASTQ	DNA	27993	6437633	76	230.0	230
myco.05.08.b.R2.fq.gz	FASTQ	DNA	17135	3940442	77	230.0	230
myco.05.08.c.R2.fq.gz	FASTQ	DNA	26217	6029421	77	230.0	230
myco.05.08.c.R1.fq.gz	FASTQ	DNA	26217	7249186	31	276.5	278
myco.05.08.e.R1.fq.gz	FASTQ	DNA	29556	8172703	56	276.5	278
myco.05.08.d.R1.fq.gz	FASTQ	DNA	56259	15556809	32	276.5	278
myco.05.08.e.R2.fq.gz	FASTQ	DNA	29556	6797549	78	230.0	230
myco.05.08.d.R2.fq.gz	FASTQ	DNA	56259	12937872	76	230.0	230
myco.05.08.f.R1.fq.gz	FASTQ	DNA	23011	6362599	29	276.5	278
myco.05.08.g.R1.fq.gz	FASTQ	DNA	22365	6184783	55	276.5	278
myco.05.08.f.R2.fq.gz	FASTQ	DNA	23011	5291709	77	230.0	230
myco.05.08.g.R2.fq.gz	FASTQ	DNA	22365	5143341	77	230.0	230
myco.05.08.h.R1.fq.gz	FASTQ	DNA	21294	5888111	54	276.5	278
myco.05.08.h.R2.fq.gz	FASTQ	DNA	21294	4896684	77	230.0	230
myco.05.09.a.R1.fq.gz	FASTQ	DNA	32665	9031671	29	276.5	278
myco.05.09.a.R2.fq.gz	FASTQ	DNA	32665	7511278	76	229.9	230
myco.05.09.b.R1.fq.gz	FASTQ	DNA	34618	9572246	55	276.5	278
myco.05.09.d.R1.fq.gz	FASTQ	DNA	68	18795	275	276.4	278
myco.05.09.d.R2.fq.gz	FASTQ	DNA	68	15640	230	230.0	230
myco.05.09.b.R2.fq.gz	FASTQ	DNA	34618	7960569	78	230.0	230
myco.05.09.c.R2.fq.gz	FASTQ	DNA	22388	5148449	75	230.0	230
myco.05.09.c.R1.fq.gz	FASTQ	DNA	22388	6190460	30	276.5	278
myco.05.09.e.R1.fq.gz	FASTQ	DNA	52699	14572082	55	276.5	278
myco.05.09.f.R1.fq.gz	FASTQ	DNA	40505	11201188	43	276.5	278
myco.05.09.f.R2.fq.gz	FASTQ	DNA	40505	9315491	78	230.0	230
myco.05.09.e.R2.fq.gz	FASTQ	DNA	52699	12118174	77	230.0	230
myco.05.09.h.R1.fq.gz	FASTQ	DNA	20775	5744854	31	276.5	278
myco.06.01.a.R1.fq.gz	FASTQ	DNA	18	4982	275	276.8	278
myco.06.01.a.R2.fq.gz	FASTQ	DNA	18	4140	230	230.0	230
myco.05.09.h.R2.fq.gz	FASTQ	DNA	20775	4777642	77	230.0	230
myco.05.09.g.R1.fq.gz	FASTQ	DNA	42731	11813769	44	276.5	278
myco.05.09.g.R2.fq.gz	FASTQ	DNA	42731	9826456	76	230.0	230
myco.06.01.c.R1.fq.gz	FASTQ	DNA	24771	6850072	55	276.5	278
myco.06.01.c.R2.fq.gz	FASTQ	DNA	24771	5696846	77	230.0	230
myco.06.01.b.R1.fq.gz	FASTQ	DNA	47410	13108979	31	276.5	278
myco.06.01.b.R2.fq.gz	FASTQ	DNA	47410	10903053	76	230.0	230
myco.06.01.e.R1.fq.gz	FASTQ	DNA	27218	7526176	30	276.5	278
myco.06.01.d.R1.fq.gz	FASTQ	DNA	38755	10715757	29	276.5	278
myco.06.01.d.R2.fq.gz	FASTQ	DNA	38755	8911834	78	230.0	230
myco.06.01.e.R2.fq.gz	FASTQ	DNA	27218	6259379	77	230.0	230
myco.06.01.f.R1.fq.gz	FASTQ	DNA	27612	7635499	31	276.5	278
myco.06.01.h.R1.fq.gz	FASTQ	DNA	11	3036	275	276.0	277
myco.06.01.h.R2.fq.gz	FASTQ	DNA	11	2530	230	230.0	230
myco.06.01.f.R2.fq.gz	FASTQ	DNA	27612	6349999	76	230.0	230
myco.06.01.g.R1.fq.gz	FASTQ	DNA	27796	7685595	44	276.5	278
myco.06.01.g.R2.fq.gz	FASTQ	DNA	27796	6392322	77	230.0	230
myco.06.02.b.R1.fq.gz	FASTQ	DNA	20710	5726527	54	276.5	278
myco.06.02.b.R2.fq.gz	FASTQ	DNA	20710	4762539	77	230.0	230
myco.06.02.a.R1.fq.gz	FASTQ	DNA	62514	17284960	30	276.5	278
myco.06.02.a.R2.fq.gz	FASTQ	DNA	62514	14375823	77	230.0	230
myco.06.02.d.R1.fq.gz	FASTQ	DNA	20636	5706426	30	276.5	278
myco.06.02.c.R1.fq.gz	FASTQ	DNA	48143	13310460	29	276.5	278
myco.06.02.c.R2.fq.gz	FASTQ	DNA	48143	11071647	77	230.0	230
myco.06.02.d.R2.fq.gz	FASTQ	DNA	20636	4745517	76	230.0	230
myco.06.02.e.R1.fq.gz	FASTQ	DNA	20109	5561334	54	276.6	278
myco.06.02.e.R2.fq.gz	FASTQ	DNA	20109	4625009	199	230.0	230
myco.06.02.f.R1.fq.gz	FASTQ	DNA	32622	9019733	30	276.5	278
myco.06.02.g.R1.fq.gz	FASTQ	DNA	21950	6070511	169	276.6	278
myco.06.02.g.R2.fq.gz	FASTQ	DNA	21950	5048443	201	230.0	230
myco.06.02.f.R2.fq.gz	FASTQ	DNA	32622	7501692	76	230.0	230
myco.06.02.h.R1.fq.gz	FASTQ	DNA	35622	9849766	57	276.5	278
myco.06.02.h.R2.fq.gz	FASTQ	DNA	35622	8192121	77	230.0	230
myco.06.03.a.R1.fq.gz	FASTQ	DNA	39218	10843347	29	276.5	278
myco.06.03.a.R2.fq.gz	FASTQ	DNA	39218	9018442	76	230.0	230
myco.06.03.b.R1.fq.gz	FASTQ	DNA	14661	4054265	29	276.5	278
myco.06.03.b.R2.fq.gz	FASTQ	DNA	14661	3371876	76	230.0	230
myco.06.03.c.R1.fq.gz	FASTQ	DNA	22320	6171124	43	276.5	278
myco.06.03.c.R2.fq.gz	FASTQ	DNA	22320	5132541	77	230.0	230
myco.06.03.d.R1.fq.gz	FASTQ	DNA	28800	7963807	54	276.5	278
myco.06.03.d.R2.fq.gz	FASTQ	DNA	28800	6622478	76	229.9	230
myco.06.03.e.R1.fq.gz	FASTQ	DNA	32299	8930937	29	276.5	278
myco.06.03.e.R2.fq.gz	FASTQ	DNA	32299	7427953	77	230.0	230
myco.06.03.f.R1.fq.gz	FASTQ	DNA	46903	12969262	56	276.5	278
myco.06.03.g.R1.fq.gz	FASTQ	DNA	36809	10177137	30	276.5	278
myco.06.03.f.R2.fq.gz	FASTQ	DNA	46903	10786750	77	230.0	230
myco.06.03.g.R2.fq.gz	FASTQ	DNA	36809	8464979	76	230.0	230
myco.06.03.h.R1.fq.gz	FASTQ	DNA	26336	7282187	54	276.5	278
myco.06.03.h.R2.fq.gz	FASTQ	DNA	26336	6056679	79	230.0	230
myco.06.04.a.R1.fq.gz	FASTQ	DNA	43030	11897675	54	276.5	278
myco.06.04.b.R1.fq.gz	FASTQ	DNA	23476	6492068	54	276.5	278
myco.06.04.b.R2.fq.gz	FASTQ	DNA	23476	5398842	76	230.0	230
myco.06.04.a.R2.fq.gz	FASTQ	DNA	43030	9895539	77	230.0	230
myco.06.04.d.R1.fq.gz	FASTQ	DNA	20781	5746200	55	276.5	278
myco.06.04.d.R2.fq.gz	FASTQ	DNA	20781	4779021	76	230.0	230
myco.06.04.c.R1.fq.gz	FASTQ	DNA	42876	11855548	54	276.5	278
myco.06.04.c.R2.fq.gz	FASTQ	DNA	42876	9859776	76	230.0	230
myco.06.04.e.R1.fq.gz	FASTQ	DNA	21768	6019430	54	276.5	278
myco.06.04.e.R2.fq.gz	FASTQ	DNA	21768	5006184	76	230.0	230
myco.06.04.f.R1.fq.gz	FASTQ	DNA	19834	5485138	54	276.6	278
myco.06.04.f.R2.fq.gz	FASTQ	DNA	19834	4561363	77	230.0	230
myco.06.04.g.R1.fq.gz	FASTQ	DNA	19530	5399829	55	276.5	278
myco.06.04.g.R2.fq.gz	FASTQ	DNA	19530	4490931	78	230.0	230
myco.06.05.a.R1.fq.gz	FASTQ	DNA	17632	4875047	55	276.5	278
myco.06.04.h.R1.fq.gz	FASTQ	DNA	33351	9221038	29	276.5	278
myco.06.04.h.R2.fq.gz	FASTQ	DNA	33351	7669034	77	229.9	230
myco.06.05.a.R2.fq.gz	FASTQ	DNA	17632	4054445	76	229.9	230
myco.06.05.b.R1.fq.gz	FASTQ	DNA	14627	4045149	57	276.6	278
myco.06.05.b.R2.fq.gz	FASTQ	DNA	14627	3363754	77	230.0	230
myco.06.05.d.R1.fq.gz	FASTQ	DNA	16849	4659423	31	276.5	278
myco.06.05.d.R2.fq.gz	FASTQ	DNA	16849	3874632	77	230.0	230
myco.06.05.c.R1.fq.gz	FASTQ	DNA	36420	10070129	55	276.5	278
myco.06.05.c.R2.fq.gz	FASTQ	DNA	36420	8375324	77	230.0	230
myco.06.05.e.R1.fq.gz	FASTQ	DNA	20736	5734370	139	276.5	278
myco.06.05.f.R1.fq.gz	FASTQ	DNA	12181	3368393	55	276.5	278
myco.06.05.f.R2.fq.gz	FASTQ	DNA	12181	2801479	79	230.0	230
myco.06.05.e.R2.fq.gz	FASTQ	DNA	20736	4768943	77	230.0	230
myco.06.05.g.R1.fq.gz	FASTQ	DNA	21942	6067629	54	276.5	278
myco.06.05.g.R2.fq.gz	FASTQ	DNA	21942	5046357	77	230.0	230
myco.06.05.h.R1.fq.gz	FASTQ	DNA	24472	6766311	31	276.5	278
myco.06.05.h.R2.fq.gz	FASTQ	DNA	24472	5627775	76	230.0	230
myco.06.06.b.R1.fq.gz	FASTQ	DNA	13500	3732129	31	276.5	278
myco.06.06.b.R2.fq.gz	FASTQ	DNA	13500	3104544	76	230.0	230
myco.06.06.a.R1.fq.gz	FASTQ	DNA	29997	8294966	54	276.5	278
myco.06.06.d.R1.fq.gz	FASTQ	DNA	78	21113	54	270.7	278
myco.06.06.d.R2.fq.gz	FASTQ	DNA	78	17635	77	226.1	230
myco.06.06.a.R2.fq.gz	FASTQ	DNA	29997	6898672	77	230.0	230
myco.06.06.c.R1.fq.gz	FASTQ	DNA	24312	6722590	55	276.5	278
myco.06.06.e.R1.fq.gz	FASTQ	DNA	17915	4954404	55	276.6	278
myco.06.06.c.R2.fq.gz	FASTQ	DNA	24312	5590672	78	230.0	230
myco.06.06.e.R2.fq.gz	FASTQ	DNA	17915	4120117	77	230.0	230
myco.06.06.f.R1.fq.gz	FASTQ	DNA	22306	6167719	57	276.5	278
myco.06.06.f.R2.fq.gz	FASTQ	DNA	22306	5129892	74	230.0	230
myco.06.06.g.R1.fq.gz	FASTQ	DNA	21386	5914151	29	276.5	278
myco.06.06.g.R2.fq.gz	FASTQ	DNA	21386	4918629	79	230.0	230
myco.06.06.h.R1.fq.gz	FASTQ	DNA	15431	4267663	57	276.6	278
myco.06.06.h.R2.fq.gz	FASTQ	DNA	15431	3548978	78	230.0	230
myco.06.07.a.R1.fq.gz	FASTQ	DNA	13186	3646102	32	276.5	278
myco.06.07.a.R2.fq.gz	FASTQ	DNA	13186	3032178	78	230.0	230
myco.06.07.b.R1.fq.gz	FASTQ	DNA	21300	5890372	54	276.5	278
myco.06.07.c.R2.fq.gz	FASTQ	DNA	17270	3971765	77	230.0	230
myco.06.07.c.R1.fq.gz	FASTQ	DNA	17270	4775949	56	276.5	278
myco.06.07.b.R2.fq.gz	FASTQ	DNA	21300	4898820	79	230.0	230
myco.06.07.d.R1.fq.gz	FASTQ	DNA	18695	5168389	55	276.5	278
myco.06.07.e.R1.fq.gz	FASTQ	DNA	17308	4786107	32	276.5	278
myco.06.07.d.R2.fq.gz	FASTQ	DNA	18695	4298757	76	229.9	230
myco.06.07.e.R2.fq.gz	FASTQ	DNA	17308	3980202	76	230.0	230
myco.06.07.f.R1.fq.gz	FASTQ	DNA	21073	5827798	30	276.6	278
myco.06.07.f.R2.fq.gz	FASTQ	DNA	21073	4846180	76	230.0	230
myco.06.07.h.R1.fq.gz	FASTQ	DNA	14875	4112627	30	276.5	278
myco.06.07.g.R1.fq.gz	FASTQ	DNA	38175	10555573	31	276.5	278
myco.06.07.h.R2.fq.gz	FASTQ	DNA	14875	3420616	78	230.0	230
myco.06.07.g.R2.fq.gz	FASTQ	DNA	38175	8779184	77	230.0	230
myco.06.08.a.R1.fq.gz	FASTQ	DNA	23787	6577877	56	276.5	278
myco.06.08.a.R2.fq.gz	FASTQ	DNA	23787	5470409	79	230.0	230
myco.06.08.b.R1.fq.gz	FASTQ	DNA	23217	6419547	43	276.5	278
myco.06.08.b.R2.fq.gz	FASTQ	DNA	23217	5339304	78	230.0	230
myco.06.08.c.R1.fq.gz	FASTQ	DNA	11827	3270341	56	276.5	278
myco.06.08.c.R2.fq.gz	FASTQ	DNA	11827	2719751	76	230.0	230
myco.06.08.d.R1.fq.gz	FASTQ	DNA	7371	2038635	274	276.6	278
myco.06.08.d.R2.fq.gz	FASTQ	DNA	7371	1695330	230	230.0	230
myco.06.08.f.R1.fq.gz	FASTQ	DNA	14881	4113913	43	276.5	278
myco.06.08.f.R2.fq.gz	FASTQ	DNA	14881	3421717	77	229.9	230
myco.06.08.e.R1.fq.gz	FASTQ	DNA	24869	6876682	30	276.5	278
myco.06.08.g.R1.fq.gz	FASTQ	DNA	11113	3072763	54	276.5	278
myco.06.08.e.R2.fq.gz	FASTQ	DNA	24869	5719562	76	230.0	230
myco.06.08.g.R2.fq.gz	FASTQ	DNA	11113	2555539	79	230.0	230
myco.06.08.h.R1.fq.gz	FASTQ	DNA	23621	6531537	31	276.5	278
myco.06.08.h.R2.fq.gz	FASTQ	DNA	23621	5432222	77	230.0	230
myco.06.09.a.R1.fq.gz	FASTQ	DNA	24238	6701766	30	276.5	278
myco.06.09.a.R2.fq.gz	FASTQ	DNA	24238	5573683	77	230.0	230
myco.06.09.b.R2.fq.gz	FASTQ	DNA	15537	3572873	78	230.0	230
myco.06.09.b.R1.fq.gz	FASTQ	DNA	15537	4269126	44	274.8	278
myco.06.09.c.R2.fq.gz	FASTQ	DNA	14418	3315228	77	229.9	230
myco.06.09.c.R1.fq.gz	FASTQ	DNA	14418	3986423	56	276.5	278
myco.06.09.d.R2.fq.gz	FASTQ	DNA	12654	2909969	79	230.0	230
myco.06.09.d.R1.fq.gz	FASTQ	DNA	12654	3498518	29	276.5	278
myco.06.09.e.R1.fq.gz	FASTQ	DNA	24837	6868311	55	276.5	278
myco.06.09.e.R2.fq.gz	FASTQ	DNA	24837	5711901	77	230.0	230
myco.06.09.f.R1.fq.gz	FASTQ	DNA	26114	7219937	32	276.5	278
myco.06.09.h.R1.fq.gz	FASTQ	DNA	2	550	275	275.0	275
myco.06.09.h.R2.fq.gz	FASTQ	DNA	2	460	230	230.0	230
myco.06.09.f.R2.fq.gz	FASTQ	DNA	26114	6005555	78	230.0	230
myco.07.01.a.R1.fq.gz	FASTQ	DNA	7719	2134664	55	276.5	278
myco.07.01.a.R2.fq.gz	FASTQ	DNA	7719	1775219	79	230.0	230
myco.06.09.g.R1.fq.gz	FASTQ	DNA	30375	8398650	29	276.5	278
myco.06.09.g.R2.fq.gz	FASTQ	DNA	30375	6984887	77	230.0	230
myco.07.01.c.R1.fq.gz	FASTQ	DNA	22441	6205524	57	276.5	278
myco.07.01.b.R1.fq.gz	FASTQ	DNA	34059	9418381	128	276.5	278
myco.07.01.c.R2.fq.gz	FASTQ	DNA	22441	5160821	77	230.0	230
myco.07.01.b.R2.fq.gz	FASTQ	DNA	34059	7833178	76	230.0	230
myco.07.01.d.R1.fq.gz	FASTQ	DNA	23461	6487156	32	276.5	278
myco.07.01.d.R2.fq.gz	FASTQ	DNA	23461	5394938	76	230.0	230
myco.07.01.e.R1.fq.gz	FASTQ	DNA	24562	6791882	55	276.5	278
myco.07.01.e.R2.fq.gz	FASTQ	DNA	24562	5648806	77	230.0	230
myco.07.01.f.R1.fq.gz	FASTQ	DNA	29352	8116410	42	276.5	278
myco.07.01.h.R1.fq.gz	FASTQ	DNA	536	148252	275	276.6	278
myco.07.01.g.R1.fq.gz	FASTQ	DNA	18723	5176980	32	276.5	278
myco.07.01.h.R2.fq.gz	FASTQ	DNA	536	123280	230	230.0	230
myco.07.01.g.R2.fq.gz	FASTQ	DNA	18723	4305955	77	230.0	230
myco.07.01.f.R2.fq.gz	FASTQ	DNA	29352	6750201	76	230.0	230
myco.07.02.a.R1.fq.gz	FASTQ	DNA	24755	6844846	55	276.5	278
myco.07.02.a.R2.fq.gz	FASTQ	DNA	24755	5693197	78	230.0	230
myco.07.02.b.R1.fq.gz	FASTQ	DNA	22172	6130517	41	276.5	278
myco.07.02.b.R2.fq.gz	FASTQ	DNA	22172	5098771	77	230.0	230
myco.07.02.d.R1.fq.gz	FASTQ	DNA	30954	8559143	41	276.5	278
myco.07.02.d.R2.fq.gz	FASTQ	DNA	30954	7118327	77	230.0	230
myco.07.02.c.R1.fq.gz	FASTQ	DNA	46026	12727823	42	276.5	278
myco.07.02.c.R2.fq.gz	FASTQ	DNA	46026	10584918	77	230.0	230
myco.07.02.e.R1.fq.gz	FASTQ	DNA	18077	4998891	57	276.5	278
myco.07.02.f.R1.fq.gz	FASTQ	DNA	17740	4905029	31	276.5	278
myco.07.02.e.R2.fq.gz	FASTQ	DNA	18077	4157252	76	230.0	230
myco.07.02.g.R1.fq.gz	FASTQ	DNA	13874	3836910	54	276.6	278
myco.07.02.f.R2.fq.gz	FASTQ	DNA	17740	4079592	77	230.0	230
myco.07.02.g.R2.fq.gz	FASTQ	DNA	13874	3190868	78	230.0	230
myco.07.03.a.R1.fq.gz	FASTQ	DNA	13597	3759373	57	276.5	278
myco.07.02.h.R1.fq.gz	FASTQ	DNA	20589	5691995	30	276.5	278
myco.07.02.h.R2.fq.gz	FASTQ	DNA	20589	4734928	77	230.0	230
myco.07.03.a.R2.fq.gz	FASTQ	DNA	13597	3126827	78	230.0	230
myco.07.03.b.R1.fq.gz	FASTQ	DNA	21460	5933153	54	276.5	278
myco.07.03.b.R2.fq.gz	FASTQ	DNA	21460	4934532	78	229.9	230
myco.07.03.c.R1.fq.gz	FASTQ	DNA	26838	7421922	56	276.5	278
myco.07.03.c.R2.fq.gz	FASTQ	DNA	26838	6172405	77	230.0	230
myco.07.03.d.R1.fq.gz	FASTQ	DNA	25802	7134801	43	276.5	278
myco.07.03.e.R1.fq.gz	FASTQ	DNA	17199	4755563	32	276.5	278
myco.07.03.d.R2.fq.gz	FASTQ	DNA	25802	5933702	77	230.0	230
myco.07.03.e.R2.fq.gz	FASTQ	DNA	17199	3955165	76	230.0	230
myco.07.03.g.R1.fq.gz	FASTQ	DNA	10705	2960046	57	276.5	278
myco.07.03.f.R1.fq.gz	FASTQ	DNA	21901	6056004	44	276.5	278
myco.07.03.g.R2.fq.gz	FASTQ	DNA	10705	2461542	77	229.9	230
myco.07.03.f.R2.fq.gz	FASTQ	DNA	21901	5036744	77	230.0	230
myco.07.03.h.R1.fq.gz	FASTQ	DNA	10465	2893285	29	276.5	278
myco.07.03.h.R2.fq.gz	FASTQ	DNA	10465	2406615	77	230.0	230
myco.07.04.a.R1.fq.gz	FASTQ	DNA	20488	5664965	29	276.5	278
myco.07.04.a.R2.fq.gz	FASTQ	DNA	20488	4711180	76	229.9	230
myco.07.04.b.R1.fq.gz	FASTQ	DNA	21247	5876052	171	276.6	278
myco.07.04.b.R2.fq.gz	FASTQ	DNA	21247	4886810	230	230.0	230
myco.07.04.c.R1.fq.gz	FASTQ	DNA	26776	7403781	55	276.5	278
myco.07.04.c.R2.fq.gz	FASTQ	DNA	26776	6157849	79	230.0	230
myco.07.04.d.R1.fq.gz	FASTQ	DNA	25663	7096145	54	276.5	278
myco.07.04.d.R2.fq.gz	FASTQ	DNA	25663	5901428	77	230.0	230
myco.07.04.f.R1.fq.gz	FASTQ	DNA	7657	2117690	169	276.6	278
myco.07.04.e.R1.fq.gz	FASTQ	DNA	16700	4618419	57	276.6	278
myco.07.04.f.R2.fq.gz	FASTQ	DNA	7657	1761110	230	230.0	230
myco.07.04.e.R2.fq.gz	FASTQ	DNA	16700	3840696	77	230.0	230
myco.07.04.g.R1.fq.gz	FASTQ	DNA	10026	2772470	57	276.5	278
myco.07.04.g.R2.fq.gz	FASTQ	DNA	10026	2305829	79	230.0	230
myco.07.04.h.R1.fq.gz	FASTQ	DNA	6657	1840519	55	276.5	278
myco.07.04.h.R2.fq.gz	FASTQ	DNA	6657	1530930	80	230.0	230
myco.07.05.b.R2.fq.gz	FASTQ	DNA	4	920	230	230.0	230
myco.07.05.b.R1.fq.gz	FASTQ	DNA	4	1106	275	276.5	278
myco.07.05.a.R1.fq.gz	FASTQ	DNA	15927	4404473	170	276.5	278
myco.07.05.d.R1.fq.gz	FASTQ	DNA	1149	317488	56	276.3	278
myco.07.05.d.R2.fq.gz	FASTQ	DNA	1149	263814	77	229.6	230
myco.07.05.a.R2.fq.gz	FASTQ	DNA	15927	3662756	78	230.0	230
myco.07.05.c.R1.fq.gz	FASTQ	DNA	21382	5912952	32	276.5	278
myco.07.05.c.R2.fq.gz	FASTQ	DNA	21382	4917552	76	230.0	230
myco.07.05.e.R1.fq.gz	FASTQ	DNA	15115	4180070	171	276.6	278
myco.07.05.e.R2.fq.gz	FASTQ	DNA	15115	3476450	230	230.0	230
myco.07.05.f.R1.fq.gz	FASTQ	DNA	12958	3583508	56	276.5	278
myco.07.05.f.R2.fq.gz	FASTQ	DNA	12958	2980189	79	230.0	230
myco.07.05.g.R1.fq.gz	FASTQ	DNA	11636	3216464	29	276.4	278
myco.07.05.h.R1.fq.gz	FASTQ	DNA	8110	2242837	128	276.6	278
myco.07.05.g.R2.fq.gz	FASTQ	DNA	11636	2675793	77	230.0	230
myco.07.05.h.R2.fq.gz	FASTQ	DNA	8110	1865269	199	230.0	230
myco.07.06.a.R1.fq.gz	FASTQ	DNA	9176	2537158	130	276.5	278
myco.07.06.a.R2.fq.gz	FASTQ	DNA	9176	2109875	77	229.9	230
myco.07.06.b.R1.fq.gz	FASTQ	DNA	20929	5787661	54	276.5	278
myco.07.06.b.R2.fq.gz	FASTQ	DNA	20929	4813367	78	230.0	230
myco.07.06.c.R1.fq.gz	FASTQ	DNA	18450	5101969	54	276.5	278
myco.07.06.c.R2.fq.gz	FASTQ	DNA	18450	4243045	77	230.0	230
myco.07.06.e.R1.fq.gz	FASTQ	DNA	10997	3040673	32	276.5	278
myco.07.06.d.R1.fq.gz	FASTQ	DNA	17121	4733899	54	276.5	278
myco.07.06.e.R2.fq.gz	FASTQ	DNA	10997	2529005	77	230.0	230
myco.07.06.d.R2.fq.gz	FASTQ	DNA	17121	3937040	76	230.0	230
myco.07.06.f.R1.fq.gz	FASTQ	DNA	13056	3610263	56	276.5	278
myco.07.06.f.R2.fq.gz	FASTQ	DNA	13056	3002575	77	230.0	230
myco.07.06.g.R1.fq.gz	FASTQ	DNA	11665	3225597	129	276.5	278
myco.07.06.g.R2.fq.gz	FASTQ	DNA	11665	2682647	78	230.0	230
myco.07.06.h.R1.fq.gz	FASTQ	DNA	13969	3862409	58	276.5	278
myco.07.06.h.R2.fq.gz	FASTQ	DNA	13969	3212720	80	230.0	230
myco.07.07.a.R1.fq.gz	FASTQ	DNA	15422	4264329	30	276.5	278
myco.07.07.a.R2.fq.gz	FASTQ	DNA	15422	3546304	77	230.0	230
myco.07.07.b.R1.fq.gz	FASTQ	DNA	21431	5926084	55	276.5	278
myco.07.07.b.R2.fq.gz	FASTQ	DNA	21431	4928797	78	230.0	230
myco.07.07.c.R2.fq.gz	FASTQ	DNA	24493	5632633	77	230.0	230
myco.07.07.c.R1.fq.gz	FASTQ	DNA	24493	6772375	31	276.5	278
myco.07.07.d.R2.fq.gz	FASTQ	DNA	19723	4535230	76	229.9	230
myco.07.07.d.R1.fq.gz	FASTQ	DNA	19723	5453051	30	276.5	278
myco.07.07.e.R1.fq.gz	FASTQ	DNA	18558	5131383	55	276.5	278
myco.07.07.e.R2.fq.gz	FASTQ	DNA	18558	4267702	77	230.0	230
myco.07.07.f.R1.fq.gz	FASTQ	DNA	13727	3795103	42	276.5	278
myco.07.07.f.R2.fq.gz	FASTQ	DNA	13727	3156570	77	230.0	230
myco.07.07.g.R1.fq.gz	FASTQ	DNA	12311	3403882	55	276.5	278
myco.07.07.g.R2.fq.gz	FASTQ	DNA	12311	2831078	78	230.0	230
myco.07.07.h.R1.fq.gz	FASTQ	DNA	12195	3372566	55	276.6	278
myco.07.07.h.R2.fq.gz	FASTQ	DNA	12195	2804700	80	230.0	230
myco.07.08.a.R2.fq.gz	FASTQ	DNA	12357	2841807	77	230.0	230
myco.07.08.a.R1.fq.gz	FASTQ	DNA	12357	3416362	55	276.5	278
myco.07.08.b.R1.fq.gz	FASTQ	DNA	13601	3760059	56	276.5	278
myco.07.08.b.R2.fq.gz	FASTQ	DNA	13601	3127162	76	229.9	230
myco.07.08.c.R2.fq.gz	FASTQ	DNA	11483	2640787	78	230.0	230
myco.07.08.c.R1.fq.gz	FASTQ	DNA	11483	3175435	55	276.5	278
myco.07.08.d.R1.fq.gz	FASTQ	DNA	19399	5364303	54	276.5	278
myco.07.08.d.R2.fq.gz	FASTQ	DNA	19399	4461013	77	230.0	230
myco.07.08.e.R1.fq.gz	FASTQ	DNA	20768	5742971	60	276.5	278
myco.07.08.e.R2.fq.gz	FASTQ	DNA	20768	4776459	80	230.0	230
myco.07.08.g.R1.fq.gz	FASTQ	DNA	17174	4749201	54	276.5	278
myco.07.08.f.R1.fq.gz	FASTQ	DNA	17364	4801927	128	276.5	278
myco.07.08.f.R2.fq.gz	FASTQ	DNA	17364	3993414	77	230.0	230
myco.07.08.g.R2.fq.gz	FASTQ	DNA	17174	3949564	77	230.0	230
myco.07.08.h.R1.fq.gz	FASTQ	DNA	14433	3991138	31	276.5	278
myco.07.09.a.R2.fq.gz	FASTQ	DNA	8153	1874885	77	230.0	230
myco.07.08.h.R2.fq.gz	FASTQ	DNA	14433	3319559	199	230.0	230
myco.07.09.a.R1.fq.gz	FASTQ	DNA	8153	2254263	54	276.5	278
myco.07.09.b.R2.fq.gz	FASTQ	DNA	9856	2265359	76	229.8	230
myco.07.09.b.R1.fq.gz	FASTQ	DNA	9856	2723897	44	276.4	278
myco.07.09.d.R1.fq.gz	FASTQ	DNA	4319	1194171	171	276.5	278
myco.07.09.d.R2.fq.gz	FASTQ	DNA	4319	993219	79	230.0	230
myco.07.09.c.R1.fq.gz	FASTQ	DNA	15487	4282510	54	276.5	278
myco.07.09.c.R2.fq.gz	FASTQ	DNA	15487	3561555	77	230.0	230
myco.07.09.e.R1.fq.gz	FASTQ	DNA	26104	7218037	42	276.5	278
myco.07.09.e.R2.fq.gz	FASTQ	DNA	26104	6002984	78	230.0	230
myco.07.09.f.R1.fq.gz	FASTQ	DNA	25734	7114849	54	276.5	278
myco.07.09.f.R2.fq.gz	FASTQ	DNA	25734	5917421	76	229.9	230
myco.07.09.g.R1.fq.gz	FASTQ	DNA	17318	4788813	32	276.5	278
myco.07.09.g.R2.fq.gz	FASTQ	DNA	17318	3982229	76	229.9	230
myco.07.09.h.R1.fq.gz	FASTQ	DNA	17228	4762776	30	276.5	278
myco.07.10.a.R1.fq.gz	FASTQ	DNA	3426	947187	140	276.5	278
myco.07.10.a.R2.fq.gz	FASTQ	DNA	3426	787675	76	229.9	230
myco.07.09.h.R2.fq.gz	FASTQ	DNA	17228	3961954	76	230.0	230
myco.07.10.b.R2.fq.gz	FASTQ	DNA	13362	3072355	78	229.9	230
myco.07.10.b.R1.fq.gz	FASTQ	DNA	13362	3694114	31	276.5	278
myco.07.10.c.R2.fq.gz	FASTQ	DNA	26369	6063903	77	230.0	230
myco.07.10.c.R1.fq.gz	FASTQ	DNA	26369	7290812	54	276.5	278
myco.07.10.d.R2.fq.gz	FASTQ	DNA	22698	5220170	76	230.0	230
myco.07.10.e.R1.fq.gz	FASTQ	DNA	13087	3615487	29	276.3	278
myco.07.10.d.R1.fq.gz	FASTQ	DNA	22698	6276048	29	276.5	278
myco.07.10.e.R2.fq.gz	FASTQ	DNA	13087	3008011	77	229.8	230
myco.07.10.f.R1.fq.gz	FASTQ	DNA	23506	6499247	30	276.5	278
myco.07.10.g.R1.fq.gz	FASTQ	DNA	18213	5036143	30	276.5	278
myco.07.10.g.R2.fq.gz	FASTQ	DNA	18213	4188472	77	230.0	230
myco.07.10.f.R2.fq.gz	FASTQ	DNA	23506	5405560	77	230.0	230
myco.07.10.h.R1.fq.gz	FASTQ	DNA	15172	4195991	30	276.6	278
myco.07.11.a.R2.fq.gz	FASTQ	DNA	12134	2790514	76	230.0	230
myco.07.11.a.R1.fq.gz	FASTQ	DNA	12134	3354855	56	276.5	278
myco.07.10.h.R2.fq.gz	FASTQ	DNA	15172	3489408	78	230.0	230
myco.07.11.b.R1.fq.gz	FASTQ	DNA	14605	4038357	57	276.5	278
myco.07.11.b.R2.fq.gz	FASTQ	DNA	14605	3358910	80	230.0	230
myco.07.11.c.R2.fq.gz	FASTQ	DNA	20497	4713826	77	230.0	230
myco.07.11.c.R1.fq.gz	FASTQ	DNA	20497	5667280	29	276.5	278
myco.07.11.d.R2.fq.gz	FASTQ	DNA	10894	2505168	79	230.0	230
myco.07.11.d.R1.fq.gz	FASTQ	DNA	10894	3012002	57	276.5	278
myco.07.11.e.R1.fq.gz	FASTQ	DNA	20365	5630127	31	276.5	278
myco.07.11.f.R1.fq.gz	FASTQ	DNA	18239	5042228	54	276.5	278
myco.07.11.e.R2.fq.gz	FASTQ	DNA	20365	4682827	77	229.9	230
myco.07.11.f.R2.fq.gz	FASTQ	DNA	18239	4193724	77	229.9	230
myco.07.11.g.R1.fq.gz	FASTQ	DNA	13955	3858773	56	276.5	278
myco.07.11.h.R1.fq.gz	FASTQ	DNA	9237	2554205	55	276.5	278
myco.07.11.g.R2.fq.gz	FASTQ	DNA	13955	3209346	77	230.0	230
myco.07.11.h.R2.fq.gz	FASTQ	DNA	9237	2124208	78	230.0	230
myco.07.12.a.R1.fq.gz	FASTQ	DNA	8672	2397841	54	276.5	278
myco.07.12.a.R2.fq.gz	FASTQ	DNA	8672	1994408	78	230.0	230
myco.07.12.b.R2.fq.gz	FASTQ	DNA	11760	2704346	77	230.0	230
myco.07.12.b.R1.fq.gz	FASTQ	DNA	11760	3251645	44	276.5	278
myco.07.12.d.R1.fq.gz	FASTQ	DNA	7469	2065614	274	276.6	278
myco.07.12.d.R2.fq.gz	FASTQ	DNA	7469	1717870	230	230.0	230
myco.07.12.c.R2.fq.gz	FASTQ	DNA	23469	5396811	76	230.0	230
myco.07.12.c.R1.fq.gz	FASTQ	DNA	23469	6489560	54	276.5	278
myco.07.12.e.R1.fq.gz	FASTQ	DNA	23504	6500138	56	276.6	278
myco.07.12.e.R2.fq.gz	FASTQ	DNA	23504	5405767	77	230.0	230
myco.07.12.f.R1.fq.gz	FASTQ	DNA	22131	6119783	54	276.5	278
myco.07.12.f.R2.fq.gz	FASTQ	DNA	22131	5089070	77	230.0	230
myco.07.12.h.R1.fq.gz	FASTQ	DNA	1902	526094	275	276.6	278
myco.07.12.h.R2.fq.gz	FASTQ	DNA	1902	437460	230	230.0	230
myco.07.12.g.R1.fq.gz	FASTQ	DNA	23516	6502328	55	276.5	278
myco.07.12.g.R2.fq.gz	FASTQ	DNA	23516	5408225	78	230.0	230
myco.08.01.a.R1.fq.gz	FASTQ	DNA	13504	3734621	54	276.6	278
myco.08.01.a.R2.fq.gz	FASTQ	DNA	13504	3105767	77	230.0	230
myco.08.01.b.R1.fq.gz	FASTQ	DNA	23707	6554699	54	276.5	278
myco.08.01.c.R1.fq.gz	FASTQ	DNA	23961	6624086	29	276.5	278
myco.08.01.b.R2.fq.gz	FASTQ	DNA	23707	5451852	77	230.0	230
myco.08.01.c.R2.fq.gz	FASTQ	DNA	23961	5509961	76	230.0	230
myco.08.01.d.R1.fq.gz	FASTQ	DNA	25067	6931139	31	276.5	278
myco.08.01.e.R1.fq.gz	FASTQ	DNA	12799	3538890	56	276.5	278
myco.08.01.e.R2.fq.gz	FASTQ	DNA	12799	2943438	77	230.0	230
myco.08.01.d.R2.fq.gz	FASTQ	DNA	25067	5764499	77	230.0	230
myco.08.01.f.R1.fq.gz	FASTQ	DNA	12370	3420986	41	276.6	278
myco.08.01.f.R2.fq.gz	FASTQ	DNA	12370	2844798	78	230.0	230
myco.08.01.g.R1.fq.gz	FASTQ	DNA	10142	2804489	29	276.5	278
myco.08.01.h.R1.fq.gz	FASTQ	DNA	1692	467616	57	276.4	278
myco.08.01.h.R2.fq.gz	FASTQ	DNA	1692	389009	79	229.9	230
myco.08.01.g.R2.fq.gz	FASTQ	DNA	10142	2332328	76	230.0	230
myco.08.02.b.R1.fq.gz	FASTQ	DNA	27566	7622548	30	276.5	278
myco.08.02.b.R2.fq.gz	FASTQ	DNA	27566	6339396	78	230.0	230
myco.08.02.a.R1.fq.gz	FASTQ	DNA	47757	13205478	54	276.5	278
myco.08.02.a.R2.fq.gz	FASTQ	DNA	47757	10982654	77	230.0	230
myco.08.02.c.R1.fq.gz	FASTQ	DNA	32238	8914172	55	276.5	278
myco.08.02.e.R1.fq.gz	FASTQ	DNA	12589	3481195	56	276.5	278
myco.08.02.c.R2.fq.gz	FASTQ	DNA	32238	7413804	77	230.0	230
myco.08.02.d.R1.fq.gz	FASTQ	DNA	37583	10391240	32	276.5	278
myco.08.02.e.R2.fq.gz	FASTQ	DNA	12589	2895316	76	230.0	230
myco.08.02.f.R1.fq.gz	FASTQ	DNA	16921	4679112	56	276.5	278
myco.08.02.d.R2.fq.gz	FASTQ	DNA	37583	8642423	77	230.0	230
myco.08.02.f.R2.fq.gz	FASTQ	DNA	16921	3891496	76	230.0	230
myco.08.02.g.R1.fq.gz	FASTQ	DNA	14336	3964014	55	276.5	278
myco.08.02.h.R1.fq.gz	FASTQ	DNA	11549	3193555	156	276.5	278
myco.08.02.g.R2.fq.gz	FASTQ	DNA	14336	3296644	76	230.0	230
myco.08.02.h.R2.fq.gz	FASTQ	DNA	11549	2655816	78	230.0	230
myco.08.03.a.R1.fq.gz	FASTQ	DNA	20612	5699797	57	276.5	278
myco.08.03.a.R2.fq.gz	FASTQ	DNA	20612	4740095	78	230.0	230
myco.08.03.b.R1.fq.gz	FASTQ	DNA	31104	8600876	29	276.5	278
myco.08.03.c.R1.fq.gz	FASTQ	DNA	23772	6572778	57	276.5	278
myco.08.03.b.R2.fq.gz	FASTQ	DNA	31104	7153314	77	230.0	230
myco.08.03.c.R2.fq.gz	FASTQ	DNA	23772	5466950	77	230.0	230
myco.08.03.e.R1.fq.gz	FASTQ	DNA	12424	3435597	55	276.5	278
myco.08.03.d.R1.fq.gz	FASTQ	DNA	25445	7036485	30	276.5	278
myco.08.03.e.R2.fq.gz	FASTQ	DNA	12424	2857063	77	230.0	230
myco.08.03.d.R2.fq.gz	FASTQ	DNA	25445	5851895	78	230.0	230
myco.08.03.g.R1.fq.gz	FASTQ	DNA	11246	3108173	54	276.4	278
myco.08.03.f.R2.fq.gz	FASTQ	DNA	19300	4438971	201	230.0	230
myco.08.03.f.R1.fq.gz	FASTQ	DNA	19300	5337809	129	276.6	278
myco.08.03.h.R1.fq.gz	FASTQ	DNA	13069	3614443	269	276.6	278
myco.08.03.g.R2.fq.gz	FASTQ	DNA	11246	2585368	76	229.9	230
myco.08.03.h.R2.fq.gz	FASTQ	DNA	13069	3005870	230	230.0	230
myco.08.04.a.R1.fq.gz	FASTQ	DNA	23319	6446176	32	276.4	278
myco.08.04.a.R2.fq.gz	FASTQ	DNA	23319	5362011	76	229.9	230
myco.08.04.b.R1.fq.gz	FASTQ	DNA	28192	7796067	54	276.5	278
myco.08.04.c.R1.fq.gz	FASTQ	DNA	23663	6542272	32	276.5	278
myco.08.04.b.R2.fq.gz	FASTQ	DNA	28192	6483252	77	230.0	230
myco.08.04.e.R1.fq.gz	FASTQ	DNA	8654	2392652	31	276.5	278
myco.08.04.c.R2.fq.gz	FASTQ	DNA	23663	5441063	76	229.9	230
myco.08.04.e.R2.fq.gz	FASTQ	DNA	8654	1989781	76	229.9	230
myco.08.04.d.R1.fq.gz	FASTQ	DNA	28997	8018850	129	276.5	278
myco.08.04.f.R1.fq.gz	FASTQ	DNA	12632	3493425	56	276.6	278
myco.08.04.d.R2.fq.gz	FASTQ	DNA	28997	6668974	76	230.0	230
myco.08.04.f.R2.fq.gz	FASTQ	DNA	12632	2904909	79	230.0	230
myco.08.04.h.R1.fq.gz	FASTQ	DNA	11467	3171474	130	276.6	278
myco.08.04.g.R1.fq.gz	FASTQ	DNA	18438	5098012	55	276.5	278
myco.08.04.g.R2.fq.gz	FASTQ	DNA	18438	4239982	77	230.0	230
myco.08.04.h.R2.fq.gz	FASTQ	DNA	11467	2637260	80	230.0	230
myco.08.05.b.R1.fq.gz	FASTQ	DNA	21154	5850178	55	276.6	278
myco.08.05.a.R1.fq.gz	FASTQ	DNA	22129	6118832	29	276.5	278
myco.08.05.b.R2.fq.gz	FASTQ	DNA	21154	4864781	77	230.0	230
myco.08.05.a.R2.fq.gz	FASTQ	DNA	22129	5088759	77	230.0	230
myco.08.05.c.R1.fq.gz	FASTQ	DNA	23665	6543415	55	276.5	278
myco.08.05.c.R2.fq.gz	FASTQ	DNA	23665	5442308	77	230.0	230
myco.08.05.d.R1.fq.gz	FASTQ	DNA	27563	7620704	56	276.5	278
myco.08.05.d.R2.fq.gz	FASTQ	DNA	27563	6338433	77	230.0	230
myco.08.05.e.R1.fq.gz	FASTQ	DNA	17702	4894402	44	276.5	278
myco.08.05.f.R1.fq.gz	FASTQ	DNA	15074	4168510	57	276.5	278
myco.08.05.e.R2.fq.gz	FASTQ	DNA	17702	4070851	76	230.0	230
myco.08.05.f.R2.fq.gz	FASTQ	DNA	15074	3466686	77	230.0	230
myco.08.05.g.R1.fq.gz	FASTQ	DNA	17870	4941701	57	276.5	278
myco.08.05.h.R1.fq.gz	FASTQ	DNA	13407	3707162	54	276.5	278
myco.08.05.g.R2.fq.gz	FASTQ	DNA	17870	4109795	77	230.0	230
myco.08.05.h.R2.fq.gz	FASTQ	DNA	13407	3083006	78	230.0	230
myco.08.06.a.R1.fq.gz	FASTQ	DNA	22402	6194871	30	276.5	278
myco.08.06.a.R2.fq.gz	FASTQ	DNA	22402	5151824	77	230.0	230
myco.08.06.b.R1.fq.gz	FASTQ	DNA	26606	7357676	54	276.5	278
myco.08.06.b.R2.fq.gz	FASTQ	DNA	26606	6119048	78	230.0	230
myco.08.06.c.R1.fq.gz	FASTQ	DNA	22112	6114344	56	276.5	278
myco.08.06.e.R1.fq.gz	FASTQ	DNA	4301	1189357	55	276.5	278
myco.08.06.d.R1.fq.gz	FASTQ	DNA	9994	2763631	29	276.5	278
myco.08.06.d.R2.fq.gz	FASTQ	DNA	9994	2298468	78	230.0	230
myco.08.06.c.R2.fq.gz	FASTQ	DNA	22112	5084996	76	230.0	230
myco.08.06.e.R2.fq.gz	FASTQ	DNA	4301	989079	79	230.0	230
myco.08.06.g.R1.fq.gz	FASTQ	DNA	10803	2987017	42	276.5	278
myco.08.06.g.R2.fq.gz	FASTQ	DNA	10803	2484386	77	230.0	230
myco.08.06.f.R1.fq.gz	FASTQ	DNA	18032	4986349	55	276.5	278
myco.08.06.f.R2.fq.gz	FASTQ	DNA	18032	4147207	77	230.0	230
myco.08.06.h.R2.fq.gz	FASTQ	DNA	16413	3774839	79	230.0	230
myco.08.06.h.R1.fq.gz	FASTQ	DNA	16413	4538753	56	276.5	278
myco.08.07.b.R1.fq.gz	FASTQ	DNA	28238	7808775	31	276.5	278
myco.08.07.a.R2.fq.gz	FASTQ	DNA	44195	10163486	76	230.0	230
myco.08.07.a.R1.fq.gz	FASTQ	DNA	44195	12219180	31	276.5	278
myco.08.07.b.R2.fq.gz	FASTQ	DNA	28238	6494285	78	230.0	230
myco.08.07.d.R1.fq.gz	FASTQ	DNA	10205	2820670	42	276.4	278
myco.08.07.d.R2.fq.gz	FASTQ	DNA	10205	2346392	77	229.9	230
myco.08.07.e.R1.fq.gz	FASTQ	DNA	9911	2740239	29	276.5	278
myco.08.07.e.R2.fq.gz	FASTQ	DNA	9911	2279196	76	230.0	230
myco.08.07.c.R1.fq.gz	FASTQ	DNA	25555	7064937	44	276.5	278
myco.08.07.c.R2.fq.gz	FASTQ	DNA	25555	5876288	77	229.9	230
myco.08.07.g.R1.fq.gz	FASTQ	DNA	10454	2890576	57	276.5	278
myco.08.07.g.R2.fq.gz	FASTQ	DNA	10454	2403934	76	230.0	230
myco.08.07.f.R1.fq.gz	FASTQ	DNA	25857	7149319	29	276.5	278
myco.08.07.f.R2.fq.gz	FASTQ	DNA	25857	5946471	77	230.0	230
myco.08.07.h.R1.fq.gz	FASTQ	DNA	14930	4127864	56	276.5	278
myco.08.07.h.R2.fq.gz	FASTQ	DNA	14930	3433112	76	229.9	230
myco.08.08.a.R1.fq.gz	FASTQ	DNA	16597	4588915	55	276.5	278
myco.08.08.a.R2.fq.gz	FASTQ	DNA	16597	3816519	77	230.0	230
myco.08.08.b.R1.fq.gz	FASTQ	DNA	18194	5030184	54	276.5	278
myco.08.08.b.R2.fq.gz	FASTQ	DNA	18194	4183408	77	229.9	230
myco.08.08.c.R1.fq.gz	FASTQ	DNA	15964	4414560	57	276.5	278
myco.08.08.c.R2.fq.gz	FASTQ	DNA	15964	3671568	78	230.0	230
myco.08.08.d.R1.fq.gz	FASTQ	DNA	22012	6087023	43	276.5	278
myco.08.08.d.R2.fq.gz	FASTQ	DNA	22012	5062276	77	230.0	230
myco.08.08.e.R1.fq.gz	FASTQ	DNA	15587	4310203	29	276.5	278
myco.08.08.e.R2.fq.gz	FASTQ	DNA	15587	3584401	77	230.0	230
myco.08.08.f.R1.fq.gz	FASTQ	DNA	15650	4327775	57	276.5	278
myco.08.08.f.R2.fq.gz	FASTQ	DNA	15650	3599137	77	230.0	230
myco.08.08.g.R1.fq.gz	FASTQ	DNA	13552	3747806	55	276.6	278
myco.08.08.g.R2.fq.gz	FASTQ	DNA	13552	3116781	79	230.0	230
myco.08.08.h.R1.fq.gz	FASTQ	DNA	13240	3660982	31	276.5	278
myco.08.08.h.R2.fq.gz	FASTQ	DNA	13240	3045018	77	230.0	230
myco.08.09.a.R1.fq.gz	FASTQ	DNA	14833	4101785	56	276.5	278
myco.08.09.a.R2.fq.gz	FASTQ	DNA	14833	3411438	78	230.0	230
myco.08.09.b.R1.fq.gz	FASTQ	DNA	18597	5141951	55	276.5	278
myco.08.09.c.R1.fq.gz	FASTQ	DNA	14014	3874932	54	276.5	278
myco.08.09.b.R2.fq.gz	FASTQ	DNA	18597	4276375	78	229.9	230
myco.08.09.c.R2.fq.gz	FASTQ	DNA	14014	3223068	78	230.0	230
myco.08.09.e.R1.fq.gz	FASTQ	DNA	8637	2388227	30	276.5	278
myco.08.09.e.R2.fq.gz	FASTQ	DNA	8637	1986360	80	230.0	230
myco.08.09.d.R2.fq.gz	FASTQ	DNA	19331	4445823	76	230.0	230
myco.08.09.f.R1.fq.gz	FASTQ	DNA	8483	2346012	56	276.6	278
myco.08.09.d.R1.fq.gz	FASTQ	DNA	19331	5345798	54	276.5	278
myco.08.09.h.R1.fq.gz	FASTQ	DNA	208	57527	275	276.6	278
myco.08.09.g.R1.fq.gz	FASTQ	DNA	4336	1199146	170	276.6	278
myco.08.09.g.R2.fq.gz	FASTQ	DNA	4336	997128	78	230.0	230
myco.08.09.h.R2.fq.gz	FASTQ	DNA	208	47840	230	230.0	230
myco.08.09.f.R2.fq.gz	FASTQ	DNA	8483	1950937	77	230.0	230
myco.08.10.a.R1.fq.gz	FASTQ	DNA	8041	2223847	173	276.6	278
myco.08.10.a.R2.fq.gz	FASTQ	DNA	8041	1849430	230	230.0	230
myco.08.10.c.R2.fq.gz	FASTQ	DNA	22259	5119114	77	230.0	230
myco.08.10.c.R1.fq.gz	FASTQ	DNA	22259	6155185	54	276.5	278
myco.08.10.b.R2.fq.gz	FASTQ	DNA	33325	7663381	74	230.0	230
myco.08.10.b.R1.fq.gz	FASTQ	DNA	33325	9214725	54	276.5	278
myco.08.10.e.R2.fq.gz	FASTQ	DNA	9324	2144069	79	230.0	230
myco.08.10.e.R1.fq.gz	FASTQ	DNA	9324	2577628	31	276.5	278
myco.08.10.d.R1.fq.gz	FASTQ	DNA	20686	5719658	54	276.5	278
myco.08.10.f.R1.fq.gz	FASTQ	DNA	6926	1915361	54	276.5	278
myco.08.10.f.R2.fq.gz	FASTQ	DNA	6926	1592828	78	230.0	230
myco.08.10.d.R2.fq.gz	FASTQ	DNA	20686	4756989	77	230.0	230
myco.08.10.g.R1.fq.gz	FASTQ	DNA	11727	3242841	56	276.5	278
myco.08.10.h.R1.fq.gz	FASTQ	DNA	9738	2693132	274	276.6	278
myco.08.10.g.R2.fq.gz	FASTQ	DNA	11727	2696904	77	230.0	230
myco.08.10.h.R2.fq.gz	FASTQ	DNA	9738	2239740	230	230.0	230
myco.08.11.a.R1.fq.gz	FASTQ	DNA	12853	3554348	55	276.5	278
myco.08.11.a.R2.fq.gz	FASTQ	DNA	12853	2956039	79	230.0	230
myco.08.11.b.R1.fq.gz	FASTQ	DNA	16059	4440417	54	276.5	278
myco.08.11.b.R2.fq.gz	FASTQ	DNA	16059	3692929	76	230.0	230
myco.08.11.c.R1.fq.gz	FASTQ	DNA	18968	5244915	54	276.5	278
myco.08.11.c.R2.fq.gz	FASTQ	DNA	18968	4362035	78	230.0	230
myco.08.11.d.R1.fq.gz	FASTQ	DNA	25800	7134366	54	276.5	278
myco.08.11.d.R2.fq.gz	FASTQ	DNA	25800	5933394	78	230.0	230
myco.08.11.e.R1.fq.gz	FASTQ	DNA	12641	3494863	42	276.5	278
myco.08.11.f.R1.fq.gz	FASTQ	DNA	3884	1073726	55	276.4	278
myco.08.11.e.R2.fq.gz	FASTQ	DNA	12641	2906974	77	230.0	230
myco.08.11.f.R2.fq.gz	FASTQ	DNA	3884	893170	80	230.0	230
myco.08.11.h.R1.fq.gz	FASTQ	DNA	8163	2257359	159	276.5	278
myco.08.11.h.R2.fq.gz	FASTQ	DNA	8163	1877307	77	230.0	230
myco.08.11.g.R1.fq.gz	FASTQ	DNA	16060	4440316	32	276.5	278
myco.08.11.g.R2.fq.gz	FASTQ	DNA	16060	3693466	77	230.0	230
myco.08.12.a.R1.fq.gz	FASTQ	DNA	17004	4702505	56	276.6	278
myco.08.12.a.R2.fq.gz	FASTQ	DNA	17004	3910465	78	230.0	230
myco.08.12.b.R2.fq.gz	FASTQ	DNA	36966	8501394	77	230.0	230
myco.08.12.b.R1.fq.gz	FASTQ	DNA	36966	10222787	54	276.5	278
myco.08.12.c.R1.fq.gz	FASTQ	DNA	31280	8649649	54	276.5	278
myco.08.12.c.R2.fq.gz	FASTQ	DNA	31280	7193489	77	230.0	230
myco.08.12.e.R1.fq.gz	FASTQ	DNA	5053	1396711	31	276.4	278
myco.08.12.e.R2.fq.gz	FASTQ	DNA	5053	1161884	77	229.9	230
myco.08.12.f.R1.fq.gz	FASTQ	DNA	8567	2369402	261	276.6	278
myco.08.12.f.R2.fq.gz	FASTQ	DNA	8567	1970410	230	230.0	230
myco.08.12.d.R1.fq.gz	FASTQ	DNA	34100	9427869	54	276.5	278
myco.08.12.d.R2.fq.gz	FASTQ	DNA	34100	7841756	77	230.0	230
myco.08.12.h.R1.fq.gz	FASTQ	DNA	3880	1072977	171	276.5	278
myco.08.12.g.R1.fq.gz	FASTQ	DNA	19685	5443460	29	276.5	278
myco.08.12.h.R2.fq.gz	FASTQ	DNA	3880	892400	230	230.0	230
myco.08.12.g.R2.fq.gz	FASTQ	DNA	19685	4527094	77	230.0	230
myco.08.12.f.R1.fq.gz	FASTQ	DNA	8567	2369402	261	276.6	278
myco.08.12.f.R2.fq.gz	FASTQ	DNA	8567	1970410	230	230.0	230
myco.08.12.g.R1.fq.gz	FASTQ	DNA	19685	5443460	29	276.5	278
myco.08.12.g.R2.fq.gz	FASTQ	DNA	19685	4527094	77	230.0	230
myco.08.12.h.R1.fq.gz	FASTQ	DNA	3880	1072977	171	276.5	278
myco.08.12.h.R2.fq.gz	FASTQ	DNA	3880	892400	230	230.0	230
